Season,Region,Rating,Rank,Race
48,US,4799,Master,Protoss
48,US,4799,Master,Terran
48,US,4799,Master,Zerg
48,US,4799,Master,Protoss
48,US,4799,Master,Terran
48,US,4799,Master,Terran
48,US,4798,Master,Protoss
48,US,4798,Master,Terran
48,US,4798,Master,Random
48,US,4798,Master,Protoss
48,US,4798,Master,Zerg
48,US,4798,Master,Terran
48,US,4798,Master,Zerg
48,US,4796,Master,Terran
48,US,4796,Master,Terran
48,US,4796,Master,Protoss
48,US,4796,Master,Protoss
48,US,4796,Master,Terran
48,US,4795,Master,Terran
48,US,4795,Master,Terran
48,US,4795,Master,Protoss
48,US,4795,Master,Terran
48,US,4795,Master,Zerg
48,US,4795,Master,Protoss
48,US,4794,Master,Random
48,US,4794,Master,Zerg
48,US,4794,Master,Protoss
48,US,4794,Master,Terran
48,US,4794,Master,Terran
48,US,4794,Master,Protoss
48,US,4793,Master,Terran
48,US,4793,Master,Zerg
48,US,4792,Master,Zerg
48,US,4792,Master,Terran
48,US,4792,Master,Zerg
48,US,4792,Master,Protoss
48,US,4792,Master,Terran
48,US,4791,Master,Random
48,US,4791,Master,Protoss
48,US,4790,Master,Zerg
48,US,4790,Master,Random
48,US,4790,Master,Terran
48,US,4790,Master,Terran
48,US,4790,Master,Zerg
48,US,4789,Master,Protoss
48,US,4789,Master,Zerg
48,US,4789,Master,Protoss
48,US,4789,Master,Protoss
48,US,4788,Master,Protoss
48,US,4788,Master,Zerg
48,US,4788,Master,Terran
48,US,4788,Master,Terran
48,US,4787,Master,Zerg
48,US,4787,Master,Zerg
48,US,4787,Master,Zerg
48,US,4787,Master,Random
48,US,4787,Master,Zerg
48,US,4787,Master,Terran
48,US,4786,Master,Random
48,US,4786,Master,Random
48,US,4786,Master,Terran
48,US,4785,Master,Terran
48,US,4785,Master,Protoss
48,US,4785,Master,Protoss
48,US,4785,Master,Protoss
48,US,4784,Master,Protoss
48,US,4784,Master,Zerg
48,US,4784,Master,Terran
48,US,4784,Master,Protoss
48,US,4784,Master,Zerg
48,US,4784,Master,Protoss
48,US,4783,Master,Zerg
48,US,4783,Master,Protoss
48,US,4783,Master,Protoss
48,US,4783,Master,Zerg
48,US,4783,Master,Zerg
48,US,4783,Master,Zerg
48,US,4782,Master,Terran
48,US,4782,Master,Random
48,US,4782,Master,Protoss
48,US,4782,Master,Protoss
48,US,4782,Master,Terran
48,US,4782,Master,Terran
48,US,4781,Master,Random
48,US,4781,Master,Protoss
48,US,4781,Master,Protoss
48,US,4781,Master,Zerg
48,US,4781,Master,Terran
48,US,4781,Master,Terran
48,US,4780,Master,Zerg
48,US,4780,Master,Zerg
48,US,4780,Master,Random
48,US,4780,Master,Protoss
48,US,4778,Master,Terran
48,US,4778,Master,Protoss
48,US,4777,Master,Random
48,US,4777,Master,Zerg
48,US,4777,Master,Protoss
48,US,4777,Master,Protoss
48,US,4776,Master,Protoss
48,US,4776,Master,Terran
48,US,4776,Master,Protoss
48,US,4775,Master,Random
48,US,4775,Master,Random
48,US,4775,Master,Terran
48,US,4775,Master,Terran
48,US,4775,Master,Terran
48,US,4775,Master,Terran
48,US,4775,Master,Terran
48,US,4774,Master,Terran
48,US,4774,Master,Protoss
48,US,4774,Master,Terran
48,US,4774,Master,Terran
48,US,4773,Master,Protoss
48,US,4773,Master,Zerg
48,US,4773,Master,Protoss
48,US,4772,Master,Protoss
48,US,4772,Master,Zerg
48,US,4772,Master,Protoss
48,US,4772,Master,Random
48,US,4772,Master,Zerg
48,US,4771,Master,Zerg
48,US,4771,Master,Zerg
48,US,4771,Master,Protoss
48,US,4771,Master,Terran
48,US,4771,Master,Protoss
48,US,4771,Master,Terran
48,US,4770,Master,Zerg
48,US,4770,Master,Terran
48,US,4770,Master,Terran
48,US,4770,Master,Zerg
48,US,4770,Master,Protoss
48,US,4770,Master,Zerg
48,US,4770,Master,Protoss
48,US,4770,Master,Zerg
48,US,4769,Master,Zerg
48,US,4769,Master,Zerg
48,US,4769,Master,Terran
48,US,4768,Master,Zerg
48,US,4768,Master,Terran
48,US,4768,Master,Terran
48,US,4768,Master,Protoss
48,US,4768,Master,Terran
48,US,4768,Master,Terran
48,US,4768,Master,Protoss
48,US,4768,Master,Terran
48,US,4768,Master,Terran
48,US,4767,Master,Random
48,US,4767,Master,Terran
48,US,4767,Master,Terran
48,US,4767,Master,Terran
48,US,4766,Master,Zerg
48,US,4766,Master,Terran
48,US,4766,Master,Protoss
48,US,4766,Master,Zerg
48,US,4765,Master,Terran
48,US,4765,Master,Zerg
48,US,4765,Master,Protoss
48,US,4765,Master,Terran
48,US,4765,Master,Terran
48,US,4765,Master,Protoss
48,US,4765,Master,Protoss
48,US,4765,Master,Terran
48,US,4765,Master,Zerg
48,US,4765,Master,Terran
48,US,4764,Master,Terran
48,US,4764,Master,Random
48,US,4764,Master,Zerg
48,US,4764,Master,Protoss
48,US,4763,Master,Protoss
48,US,4763,Master,Random
48,US,4763,Master,Protoss
48,US,4763,Master,Terran
48,US,4763,Master,Zerg
48,US,4762,Master,Protoss
48,US,4762,Master,Zerg
48,US,4762,Master,Zerg
48,US,4762,Master,Terran
48,US,4762,Master,Terran
48,US,4762,Master,Terran
48,US,4762,Master,Zerg
48,US,4762,Master,Zerg
48,US,4761,Master,Random
48,US,4761,Master,Terran
48,US,4761,Master,Protoss
48,US,4760,Master,Terran
48,US,4760,Master,Random
48,US,4760,Master,Terran
48,US,4760,Master,Protoss
48,US,4760,Master,Zerg
48,US,4759,Master,Zerg
48,US,4759,Master,Protoss
48,US,4759,Master,Protoss
48,US,4757,Master,Protoss
48,US,4757,Master,Protoss
48,US,4757,Master,Terran
48,US,4757,Master,Terran
48,US,4757,Master,Protoss
48,US,4755,Master,Zerg
48,US,4755,Master,Zerg
48,US,4755,Master,Protoss
48,US,4755,Master,Protoss
48,US,4754,Master,Protoss
48,US,4754,Master,Protoss
48,US,4754,Master,Random
48,US,4754,Master,Terran
48,US,4754,Master,Terran
48,US,4754,Master,Terran
48,US,4754,Master,Terran
48,US,4753,Master,Terran
48,US,4753,Master,Terran
48,US,4753,Master,Protoss
48,US,4753,Master,Zerg
48,US,4753,Master,Protoss
48,US,4753,Master,Zerg
48,US,4752,Master,Zerg
48,US,4752,Master,Zerg
48,US,4752,Master,Protoss
48,US,4752,Master,Zerg
48,US,4752,Master,Zerg
48,US,4752,Master,Protoss
48,US,4752,Master,Terran
48,US,4752,Master,Terran
48,US,4751,Master,Terran
48,US,4751,Master,Zerg
48,US,4751,Master,Terran
48,US,4751,Master,Zerg
48,US,4751,Master,Random
48,US,4751,Master,Terran
48,US,4751,Master,Zerg
48,US,4750,Master,Terran
48,US,4750,Master,Protoss
48,US,4750,Master,Protoss
48,US,4750,Master,Protoss
48,US,4750,Master,Random
48,US,4750,Master,Zerg
48,US,4750,Master,Terran
48,US,4749,Master,Random
48,US,4749,Master,Zerg
48,US,4749,Master,Zerg
48,US,4749,Master,Terran
48,US,4748,Master,Terran
48,US,4748,Master,Protoss
48,US,4748,Master,Protoss
48,US,4748,Master,Terran
48,US,4747,Master,Zerg
48,US,4747,Master,Random
48,US,4747,Master,Zerg
48,US,4747,Master,Terran
48,US,4747,Master,Terran
48,US,4747,Master,Terran
48,US,4746,Master,Protoss
48,US,4746,Master,Terran
48,US,4746,Master,Zerg
48,US,4746,Master,Zerg
48,US,4746,Master,Zerg
48,US,4745,Master,Zerg
48,US,4745,Master,Terran
48,US,4745,Master,Terran
48,US,4745,Master,Protoss
48,US,4745,Master,Protoss
48,US,4745,Master,Random
48,US,4745,Master,Terran
48,US,4745,Master,Protoss
48,US,4744,Master,Terran
48,US,4744,Master,Zerg
48,US,4744,Master,Protoss
48,US,4744,Master,Terran
48,US,4744,Master,Protoss
48,US,4744,Master,Terran
48,US,4744,Master,Zerg
48,US,4743,Master,Protoss
48,US,4743,Master,Protoss
48,US,4743,Master,Protoss
48,US,4742,Master,Protoss
48,US,4742,Master,Protoss
48,US,4742,Master,Zerg
48,US,4742,Master,Zerg
48,US,4742,Master,Protoss
48,US,4742,Master,Protoss
48,US,4742,Master,Terran
48,US,4742,Master,Zerg
48,US,4742,Master,Protoss
48,US,4742,Master,Protoss
48,US,4741,Master,Terran
48,US,4741,Master,Terran
48,US,4741,Master,Terran
48,US,4741,Master,Terran
48,US,4741,Master,Terran
48,US,4740,Master,Zerg
48,US,4740,Master,Protoss
48,US,4740,Master,Zerg
48,US,4739,Master,Zerg
48,US,4737,Master,Protoss
48,US,4737,Master,Protoss
48,US,4737,Master,Terran
48,US,4737,Master,Terran
48,US,4736,Master,Protoss
48,US,4736,Master,Terran
48,US,4736,Master,Terran
48,US,4735,Master,Protoss
48,US,4735,Master,Terran
48,US,4735,Master,Terran
48,US,4735,Master,Protoss
48,US,4735,Master,Zerg
48,US,4735,Master,Zerg
48,US,4735,Master,Terran
48,US,4735,Master,Terran
48,US,4735,Master,Protoss
48,US,4734,Master,Protoss
48,US,4734,Master,Protoss
48,US,4734,Master,Zerg
48,US,4734,Master,Random
48,US,4734,Master,Protoss
48,US,4733,Master,Protoss
48,US,4733,Master,Terran
48,US,4733,Master,Protoss
48,US,4733,Master,Zerg
48,US,4732,Master,Zerg
48,US,4732,Master,Protoss
48,US,4732,Master,Terran
48,US,4732,Master,Protoss
48,US,4732,Master,Zerg
48,US,4732,Master,Zerg
48,US,4731,Master,Protoss
48,US,4731,Master,Terran
48,US,4731,Master,Protoss
48,US,4731,Master,Terran
48,US,4731,Master,Terran
48,US,4731,Master,Zerg
48,US,4731,Master,Zerg
48,US,4731,Master,Terran
48,US,4731,Master,Protoss
48,US,4731,Master,Terran
48,US,4730,Master,Terran
48,US,4730,Master,Zerg
48,US,4730,Master,Protoss
48,US,4730,Master,Terran
48,US,4730,Master,Protoss
48,US,4729,Master,Zerg
48,US,4729,Master,Terran
48,US,4729,Master,Protoss
48,US,4729,Master,Zerg
48,US,4729,Master,Zerg
48,US,4729,Master,Protoss
48,US,4729,Master,Terran
48,US,4729,Master,Protoss
48,US,4728,Master,Zerg
48,US,4728,Master,Protoss
48,US,4728,Master,Protoss
48,US,4728,Master,Protoss
48,US,4728,Master,Terran
48,US,4728,Master,Zerg
48,US,4727,Master,Zerg
48,US,4727,Master,Protoss
48,US,4727,Master,Zerg
48,US,4727,Master,Terran
48,US,4727,Master,Protoss
48,US,4727,Master,Zerg
48,US,4726,Master,Zerg
48,US,4726,Master,Terran
48,US,4726,Master,Protoss
48,US,4725,Master,Zerg
48,US,4725,Master,Random
48,US,4725,Master,Protoss
48,US,4725,Master,Terran
48,US,4725,Master,Zerg
48,US,4725,Master,Zerg
48,US,4725,Master,Terran
48,US,4724,Master,Zerg
48,US,4724,Master,Protoss
48,US,4724,Master,Terran
48,US,4724,Master,Terran
48,US,4724,Master,Terran
48,US,4724,Master,Zerg
48,US,4724,Master,Protoss
48,US,4724,Master,Terran
48,US,4724,Master,Terran
48,US,4724,Master,Zerg
48,US,4724,Master,Protoss
48,US,4723,Master,Random
48,US,4723,Master,Terran
48,US,4723,Master,Protoss
48,US,4722,Master,Protoss
48,US,4722,Master,Zerg
48,US,4722,Master,Protoss
48,US,4721,Master,Terran
48,US,4721,Master,Random
48,US,4721,Master,Terran
48,US,4721,Master,Zerg
48,US,4721,Master,Zerg
48,US,4721,Master,Zerg
48,US,4721,Master,Zerg
48,US,4719,Master,Random
48,US,4719,Master,Protoss
48,US,4719,Master,Protoss
48,US,4718,Master,Protoss
48,US,4718,Master,Protoss
48,US,4718,Master,Protoss
48,US,4718,Master,Terran
48,US,4718,Master,Protoss
48,US,4717,Master,Random
48,US,4717,Master,Protoss
48,US,4717,Master,Protoss
48,US,4717,Master,Terran
48,US,4717,Master,Terran
48,US,4716,Master,Zerg
48,US,4716,Master,Random
48,US,4716,Master,Protoss
48,US,4716,Master,Terran
48,US,4716,Master,Zerg
48,US,4716,Master,Protoss
48,US,4716,Master,Protoss
48,US,4716,Master,Zerg
48,US,4716,Master,Zerg
48,US,4715,Master,Protoss
48,US,4715,Master,Protoss
48,US,4715,Master,Terran
48,US,4715,Master,Protoss
48,US,4715,Master,Terran
48,US,4715,Master,Protoss
48,US,4715,Master,Protoss
48,US,4714,Master,Zerg
48,US,4714,Master,Zerg
48,US,4713,Master,Terran
48,US,4713,Master,Protoss
48,US,4713,Master,Terran
48,US,4713,Master,Terran
48,US,4712,Master,Terran
48,US,4712,Master,Protoss
48,US,4712,Master,Random
48,US,4712,Master,Protoss
48,US,4711,Master,Terran
48,US,4710,Master,Random
48,US,4710,Master,Random
48,US,4710,Master,Terran
48,US,4710,Master,Protoss
48,US,4710,Master,Protoss
48,US,4710,Master,Protoss
48,US,4709,Master,Terran
48,US,4709,Master,Protoss
48,US,4709,Master,Terran
48,US,4709,Master,Protoss
48,US,4709,Master,Zerg
48,US,4709,Master,Protoss
48,US,4709,Master,Protoss
48,US,4709,Master,Protoss
48,US,4708,Master,Protoss
48,US,4708,Master,Zerg
48,US,4708,Master,Protoss
48,US,4707,Master,Terran
48,US,4707,Master,Zerg
48,US,4707,Master,Terran
48,US,4707,Master,Random
48,US,4707,Master,Protoss
48,US,4707,Master,Protoss
48,US,4707,Master,Protoss
48,US,4707,Master,Protoss
48,US,4706,Master,Zerg
48,US,4705,Master,Terran
48,US,4705,Master,Protoss
48,US,4705,Master,Protoss
48,US,4705,Master,Protoss
48,US,4705,Master,Zerg
48,US,4705,Master,Zerg
48,US,4704,Master,Random
48,US,4704,Master,Terran
48,US,4704,Master,Terran
48,US,4704,Master,Terran
48,US,4704,Master,Random
48,US,4703,Master,Terran
48,US,4703,Master,Terran
48,US,4703,Master,Protoss
48,US,4703,Master,Zerg
48,US,4703,Master,Protoss
48,US,4702,Master,Terran
48,US,4702,Master,Zerg
48,US,4702,Master,Protoss
48,US,4702,Master,Random
48,US,4702,Master,Zerg
48,US,4702,Master,Protoss
48,US,4702,Master,Protoss
48,US,4702,Master,Protoss
48,US,4702,Master,Terran
48,US,4702,Master,Zerg
48,US,4701,Master,Protoss
48,US,4701,Master,Zerg
48,US,4701,Master,Zerg
48,US,4700,Master,Zerg
48,US,4700,Master,Terran
48,US,4700,Master,Terran
48,US,4700,Master,Protoss
48,US,4700,Master,Protoss
48,US,4698,Master,Zerg
48,US,4698,Master,Random
48,US,4698,Master,Protoss
48,US,4698,Master,Protoss
48,US,4698,Master,Zerg
48,US,4698,Master,Zerg
48,US,4697,Master,Protoss
48,US,4697,Master,Zerg
48,US,4696,Master,Random
48,US,4696,Master,Protoss
48,US,4696,Master,Terran
48,US,4696,Master,Terran
48,US,4696,Master,Zerg
48,US,4695,Master,Terran
48,US,4695,Master,Terran
48,US,4695,Master,Zerg
48,US,4694,Master,Zerg
48,US,4694,Master,Protoss
48,US,4694,Master,Zerg
48,US,4694,Master,Zerg
48,US,4694,Master,Protoss
48,US,4693,Master,Terran
48,US,4693,Master,Zerg
48,US,4693,Master,Protoss
48,US,4693,Master,Terran
48,US,4693,Master,Terran
48,US,4693,Master,Terran
48,US,4693,Master,Terran
48,US,4692,Master,Terran
48,US,4692,Master,Protoss
48,US,4692,Master,Terran
48,US,4692,Master,Protoss
48,US,4692,Master,Zerg
48,US,4692,Master,Terran
48,US,4692,Master,Terran
48,US,4691,Master,Protoss
48,US,4691,Master,Terran
48,US,4691,Master,Random
48,US,4691,Master,Protoss
48,US,4691,Master,Terran
48,US,4691,Master,Terran
48,US,4691,Master,Protoss
48,US,4690,Master,Terran
48,US,4690,Master,Random
48,US,4690,Master,Random
48,US,4690,Master,Protoss
48,US,4690,Master,Terran
48,US,4690,Master,Protoss
48,US,4689,Master,Protoss
48,US,4689,Master,Zerg
48,US,4689,Master,Protoss
48,US,4688,Master,Random
48,US,4688,Master,Protoss
48,US,4688,Master,Zerg
48,US,4688,Master,Terran
48,US,4688,Master,Random
48,US,4688,Master,Protoss
48,US,4688,Master,Zerg
48,US,4688,Master,Protoss
48,US,4688,Master,Terran
48,US,4688,Master,Terran
48,US,4688,Master,Zerg
48,US,4688,Master,Terran
48,US,4688,Master,Zerg
48,US,4687,Master,Protoss
48,US,4687,Master,Terran
48,US,4687,Master,Terran
48,US,4687,Master,Zerg
48,US,4687,Master,Zerg
48,US,4687,Master,Zerg
48,US,4687,Master,Terran
48,US,4687,Master,Random
48,US,4686,Master,Random
48,US,4686,Master,Zerg
48,US,4686,Master,Protoss
48,US,4686,Master,Protoss
48,US,4686,Master,Zerg
48,US,4686,Master,Terran
48,US,4686,Master,Protoss
48,US,4686,Master,Protoss
48,US,4686,Master,Terran
48,US,4685,Master,Zerg
48,US,4685,Master,Random
48,US,4685,Master,Zerg
48,US,4684,Master,Zerg
48,US,4684,Master,Random
48,US,4684,Master,Zerg
48,US,4684,Master,Terran
48,US,4683,Master,Protoss
48,US,4682,Master,Protoss
48,US,4682,Master,Zerg
48,US,4682,Master,Random
48,US,4681,Master,Terran
48,US,4681,Master,Protoss
48,US,4681,Master,Protoss
48,US,4681,Master,Protoss
48,US,4681,Master,Protoss
48,US,4681,Master,Zerg
48,US,4681,Master,Zerg
48,US,4680,Master,Protoss
48,US,4678,Master,Protoss
48,US,4678,Master,Zerg
48,US,4678,Master,Zerg
48,US,4677,Master,Zerg
48,US,4677,Master,Protoss
48,US,4677,Master,Zerg
48,US,4677,Master,Zerg
48,US,4677,Master,Protoss
48,US,4677,Master,Protoss
48,US,4677,Master,Protoss
48,US,4677,Master,Zerg
48,US,4677,Master,Zerg
48,US,4676,Master,Terran
48,US,4676,Master,Protoss
48,US,4676,Master,Terran
48,US,4676,Master,Protoss
48,US,4676,Master,Terran
48,US,4676,Master,Zerg
48,US,4676,Master,Protoss
48,US,4676,Master,Zerg
48,US,4676,Master,Random
48,US,4676,Master,Terran
48,US,4675,Master,Terran
48,US,4675,Master,Random
48,US,4675,Master,Protoss
48,US,4675,Master,Protoss
48,US,4675,Master,Zerg
48,US,4675,Master,Protoss
48,US,4675,Master,Zerg
48,US,4675,Master,Terran
48,US,4675,Master,Terran
48,US,4674,Master,Terran
48,US,4674,Master,Terran
48,US,4673,Master,Terran
48,US,4673,Master,Terran
48,US,4672,Master,Protoss
48,US,4672,Master,Zerg
48,US,4672,Master,Zerg
48,US,4671,Master,Terran
48,US,4671,Master,Terran
48,US,4671,Master,Terran
48,US,4671,Master,Terran
48,US,4671,Master,Protoss
48,US,4671,Master,Zerg
48,US,4671,Master,Protoss
48,US,4670,Master,Zerg
48,US,4670,Master,Protoss
48,US,4670,Master,Zerg
48,US,4670,Master,Protoss
48,US,4670,Master,Terran
48,US,4670,Master,Terran
48,US,4670,Master,Protoss
48,US,4669,Master,Protoss
48,US,4669,Master,Zerg
48,US,4669,Master,Protoss
48,US,4669,Master,Zerg
48,US,4669,Master,Terran
48,US,4669,Master,Terran
48,US,4668,Master,Protoss
48,US,4668,Master,Terran
48,US,4668,Master,Protoss
48,US,4668,Master,Protoss
48,US,4668,Master,Zerg
48,US,4668,Master,Protoss
48,US,4667,Master,Terran
48,US,4667,Master,Zerg
48,US,4667,Master,Terran
48,US,4666,Master,Terran
48,US,4666,Master,Terran
48,US,4666,Master,Protoss
48,US,4666,Master,Terran
48,US,4666,Master,Zerg
48,US,4666,Master,Terran
48,US,4665,Master,Zerg
48,US,4665,Master,Protoss
48,US,4665,Master,Zerg
48,US,4665,Master,Terran
48,US,4665,Master,Protoss
48,US,4665,Master,Random
48,US,4665,Master,Terran
48,US,4665,Master,Terran
48,US,4664,Master,Zerg
48,US,4664,Master,Protoss
48,US,4664,Master,Zerg
48,US,4664,Master,Protoss
48,US,4663,Master,Zerg
48,US,4663,Master,Protoss
48,US,4663,Master,Terran
48,US,4663,Master,Zerg
48,US,4663,Master,Terran
48,US,4663,Master,Terran
48,US,4663,Master,Zerg
48,US,4662,Master,Terran
48,US,4662,Master,Terran
48,US,4662,Master,Protoss
48,US,4662,Master,Protoss
48,US,4662,Master,Protoss
48,US,4662,Master,Zerg
48,US,4662,Master,Zerg
48,US,4662,Master,Zerg
48,US,4660,Master,Random
48,US,4660,Master,Zerg
48,US,4660,Master,Terran
48,US,4660,Master,Protoss
48,US,4660,Master,Zerg
48,US,4659,Master,Terran
48,US,4659,Master,Terran
48,US,4659,Master,Zerg
48,US,4659,Master,Zerg
48,US,4659,Master,Zerg
48,US,4659,Master,Zerg
48,US,4658,Master,Protoss
48,US,4658,Master,Zerg
48,US,4658,Master,Protoss
48,US,4658,Master,Terran
48,US,4658,Master,Protoss
48,US,4658,Master,Protoss
48,US,4657,Master,Protoss
48,US,4657,Master,Zerg
48,US,4657,Master,Terran
48,US,4657,Master,Zerg
48,US,4657,Master,Zerg
48,US,4657,Master,Terran
48,US,4657,Master,Protoss
48,US,4656,Master,Protoss
48,US,4656,Master,Terran
48,US,4656,Master,Zerg
48,US,4656,Master,Terran
48,US,4656,Master,Zerg
48,US,4656,Master,Terran
48,US,4656,Master,Terran
48,US,4656,Master,Protoss
48,US,4656,Master,Terran
48,US,4655,Master,Terran
48,US,4655,Master,Zerg
48,US,4655,Master,Terran
48,US,4655,Master,Terran
48,US,4655,Master,Protoss
48,US,4655,Master,Terran
48,US,4655,Master,Zerg
48,US,4654,Master,Random
48,US,4654,Master,Protoss
48,US,4654,Master,Protoss
48,US,4654,Master,Terran
48,US,4654,Master,Terran
48,US,4654,Master,Protoss
48,US,4654,Master,Protoss
48,US,4653,Master,Terran
48,US,4653,Master,Terran
48,US,4653,Master,Zerg
48,US,4653,Master,Protoss
48,US,4652,Master,Protoss
48,US,4652,Master,Terran
48,US,4652,Master,Terran
48,US,4652,Master,Terran
48,US,4652,Master,Protoss
48,US,4652,Master,Terran
48,US,4651,Master,Terran
48,US,4651,Master,Protoss
48,US,4651,Master,Zerg
48,US,4651,Master,Terran
48,US,4651,Master,Terran
48,US,4651,Master,Terran
48,US,4651,Master,Protoss
48,US,4651,Master,Protoss
48,US,4650,Master,Protoss
48,US,4650,Master,Terran
48,US,4650,Master,Protoss
48,US,4650,Master,Protoss
48,US,4649,Master,Terran
48,US,4649,Master,Terran
48,US,4649,Master,Terran
48,US,4649,Master,Protoss
48,US,4649,Master,Zerg
48,US,4649,Master,Terran
48,US,4649,Master,Zerg
48,US,4649,Master,Terran
48,US,4649,Master,Zerg
48,US,4648,Master,Zerg
48,US,4648,Master,Protoss
48,US,4648,Master,Zerg
48,US,4648,Master,Protoss
48,US,4648,Master,Zerg
48,US,4648,Master,Terran
48,US,4648,Master,Zerg
48,US,4648,Master,Zerg
48,US,4648,Master,Terran
48,US,4647,Master,Protoss
48,US,4647,Master,Terran
48,US,4647,Master,Zerg
48,US,4647,Master,Protoss
48,US,4647,Master,Random
48,US,4647,Master,Zerg
48,US,4647,Master,Protoss
48,US,4647,Master,Protoss
48,US,4647,Master,Terran
48,US,4647,Master,Terran
48,US,4647,Master,Terran
48,US,4646,Master,Zerg
48,US,4646,Master,Protoss
48,US,4644,Master,Terran
48,US,4643,Master,Random
48,US,4643,Master,Protoss
48,US,4643,Master,Terran
48,US,4643,Master,Zerg
48,US,4643,Master,Zerg
48,US,4642,Master,Zerg
48,US,4642,Master,Random
48,US,4642,Master,Random
48,US,4642,Master,Protoss
48,US,4642,Master,Terran
48,US,4642,Master,Protoss
48,US,4642,Master,Protoss
48,US,4642,Master,Protoss
48,US,4641,Master,Protoss
48,US,4641,Master,Protoss
48,US,4641,Master,Protoss
48,US,4641,Master,Zerg
48,US,4640,Master,Protoss
48,US,4640,Master,Protoss
48,US,4640,Master,Protoss
48,US,4640,Master,Protoss
48,US,4640,Master,Terran
48,US,4640,Master,Zerg
48,US,4639,Master,Zerg
48,US,4639,Master,Random
48,US,4639,Master,Protoss
48,US,4639,Master,Terran
48,US,4639,Master,Terran
48,US,4639,Master,Terran
48,US,4639,Master,Terran
48,US,4638,Master,Random
48,US,4638,Master,Zerg
48,US,4638,Master,Terran
48,US,4638,Master,Zerg
48,US,4637,Master,Protoss
48,US,4637,Master,Protoss
48,US,4637,Master,Zerg
48,US,4637,Master,Terran
48,US,4636,Master,Zerg
48,US,4636,Master,Zerg
48,US,4636,Master,Random
48,US,4636,Master,Zerg
48,US,4636,Master,Zerg
48,US,4636,Master,Zerg
48,US,4636,Master,Protoss
48,US,4635,Master,Protoss
48,US,4635,Master,Protoss
48,US,4635,Master,Zerg
48,US,4635,Master,Zerg
48,US,4635,Master,Zerg
48,US,4635,Master,Protoss
48,US,4635,Master,Zerg
48,US,4634,Master,Protoss
48,US,4634,Master,Zerg
48,US,4634,Master,Zerg
48,US,4634,Master,Protoss
48,US,4633,Master,Protoss
48,US,4633,Master,Protoss
48,US,4633,Master,Terran
48,US,4633,Master,Zerg
48,US,4633,Master,Terran
48,US,4633,Master,Zerg
48,US,4632,Master,Zerg
48,US,4632,Master,Terran
48,US,4632,Master,Terran
48,US,4632,Master,Terran
48,US,4632,Master,Terran
48,US,4632,Master,Protoss
48,US,4632,Master,Protoss
48,US,4631,Master,Random
48,US,4631,Master,Terran
48,US,4631,Master,Protoss
48,US,4631,Master,Protoss
48,US,4631,Master,Terran
48,US,4630,Master,Terran
48,US,4629,Master,Protoss
48,US,4629,Master,Zerg
48,US,4629,Master,Random
48,US,4629,Master,Random
48,US,4629,Master,Terran
48,US,4629,Master,Zerg
48,US,4629,Master,Random
48,US,4629,Master,Protoss
48,US,4627,Master,Protoss
48,US,4627,Master,Protoss
48,US,4627,Master,Protoss
48,US,4627,Master,Protoss
48,US,4627,Master,Random
48,US,4627,Master,Protoss
48,US,4627,Master,Zerg
48,US,4626,Master,Zerg
48,US,4626,Master,Zerg
48,US,4626,Master,Random
48,US,4626,Master,Terran
48,US,4626,Master,Protoss
48,US,4626,Master,Terran
48,US,4626,Master,Protoss
48,US,4625,Master,Terran
48,US,4625,Master,Random
48,US,4623,Master,Terran
48,US,4623,Master,Terran
48,US,4623,Master,Zerg
48,US,4623,Master,Random
48,US,4623,Master,Protoss
48,US,4623,Master,Terran
48,US,4623,Master,Protoss
48,US,4623,Master,Terran
48,US,4623,Master,Terran
48,US,4623,Master,Protoss
48,US,4623,Master,Zerg
48,US,4623,Master,Terran
48,US,4622,Master,Random
48,US,4622,Master,Zerg
48,US,4622,Master,Zerg
48,US,4622,Master,Terran
48,US,4622,Master,Protoss
48,US,4622,Master,Terran
48,US,4621,Master,Zerg
48,US,4621,Master,Terran
48,US,4621,Master,Terran
48,US,4621,Master,Random
48,US,4620,Master,Protoss
48,US,4620,Master,Protoss
48,US,4620,Master,Zerg
48,US,4620,Master,Terran
48,US,4620,Master,Protoss
48,US,4620,Master,Protoss
48,US,4620,Master,Random
48,US,4619,Master,Terran
48,US,4619,Master,Zerg
48,US,4619,Master,Protoss
48,US,4619,Master,Terran
48,US,4619,Master,Random
48,US,4619,Master,Terran
48,US,4619,Master,Zerg
48,US,4619,Master,Zerg
48,US,4618,Master,Terran
48,US,4618,Master,Protoss
48,US,4618,Master,Protoss
48,US,4618,Master,Protoss
48,US,4618,Master,Zerg
48,US,4618,Master,Protoss
48,US,4617,Master,Protoss
48,US,4617,Master,Protoss
48,US,4616,Master,Protoss
48,US,4616,Master,Terran
48,US,4616,Master,Terran
48,US,4616,Master,Zerg
48,US,4616,Master,Protoss
48,US,4616,Master,Terran
48,US,4616,Master,Zerg
48,US,4616,Master,Terran
48,US,4616,Master,Protoss
48,US,4616,Master,Terran
48,US,4616,Master,Protoss
48,US,4615,Master,Terran
48,US,4615,Master,Random
48,US,4615,Master,Random
48,US,4615,Master,Zerg
48,US,4615,Master,Terran
48,US,4615,Master,Zerg
48,US,4614,Master,Protoss
48,US,4614,Master,Random
48,US,4614,Master,Zerg
48,US,4613,Master,Terran
48,US,4613,Master,Protoss
48,US,4613,Master,Protoss
48,US,4613,Master,Terran
48,US,4613,Master,Zerg
48,US,4613,Master,Protoss
48,US,4612,Master,Terran
48,US,4612,Master,Protoss
48,US,4611,Master,Zerg
48,US,4611,Master,Terran
48,US,4610,Master,Zerg
48,US,4610,Master,Terran
48,US,4610,Master,Protoss
48,US,4610,Master,Random
48,US,4609,Master,Zerg
48,US,4609,Master,Zerg
48,US,4609,Master,Zerg
48,US,4609,Master,Random
48,US,4609,Master,Terran
48,US,4609,Master,Zerg
48,US,4609,Master,Terran
48,US,4609,Master,Zerg
48,US,4609,Master,Protoss
48,US,4608,Master,Zerg
48,US,4608,Master,Random
48,US,4608,Master,Protoss
48,US,4608,Master,Terran
48,US,4608,Master,Zerg
48,US,4608,Master,Protoss
48,US,4607,Master,Protoss
48,US,4607,Master,Protoss
48,US,4607,Master,Protoss
48,US,4607,Master,Random
48,US,4607,Master,Terran
48,US,4606,Master,Zerg
48,US,4604,Master,Zerg
48,US,4604,Master,Random
48,US,4604,Master,Terran
48,US,4604,Master,Terran
48,US,4604,Master,Terran
48,US,4603,Master,Protoss
48,US,4603,Master,Protoss
48,US,4603,Master,Protoss
48,US,4603,Master,Terran
48,US,4603,Master,Terran
48,US,4603,Master,Protoss
48,US,4603,Master,Terran
48,US,4603,Master,Protoss
48,US,4602,Master,Random
48,US,4602,Master,Random
48,US,4602,Master,Zerg
48,US,4602,Master,Terran
48,US,4602,Master,Protoss
48,US,4602,Master,Zerg
48,US,4601,Master,Terran
48,US,4601,Master,Terran
48,US,4601,Master,Protoss
48,US,4601,Master,Zerg
48,US,4601,Master,Zerg
48,US,4601,Master,Terran
48,US,4601,Master,Protoss
48,US,4601,Master,Terran
48,US,4601,Master,Terran
48,US,4601,Master,Zerg
48,US,4600,Master,Zerg
48,US,4600,Master,Zerg
48,US,4600,Master,Terran
48,US,4600,Master,Terran
48,US,4600,Master,Protoss
48,US,4599,Master,Zerg
48,US,4599,Master,Protoss
48,US,4599,Master,Terran
48,US,4599,Master,Random
48,US,4599,Master,Random
48,US,4599,Master,Zerg
48,US,4599,Master,Protoss
48,US,4599,Master,Protoss
48,US,4598,Master,Zerg
48,US,4598,Master,Terran
48,US,4598,Master,Protoss
48,US,4598,Master,Terran
48,US,4598,Master,Zerg
48,US,4597,Master,Random
48,US,4597,Master,Zerg
48,US,4597,Master,Terran
48,US,4597,Master,Protoss
48,US,4597,Master,Protoss
48,US,4597,Master,Zerg
48,US,4596,Master,Zerg
48,US,4596,Master,Random
48,US,4596,Master,Protoss
48,US,4596,Master,Protoss
48,US,4596,Master,Terran
48,US,4596,Master,Zerg
48,US,4596,Master,Protoss
48,US,4595,Master,Terran
48,US,4595,Master,Terran
48,US,4595,Master,Zerg
48,US,4594,Master,Terran
48,US,4594,Master,Terran
48,US,4594,Master,Protoss
48,US,4594,Master,Terran
48,US,4594,Master,Terran
48,US,4594,Master,Terran
48,US,4593,Master,Zerg
48,US,4593,Master,Terran
48,US,4593,Master,Random
48,US,4593,Master,Zerg
48,US,4593,Master,Terran
48,US,4593,Master,Zerg
48,US,4593,Master,Terran
48,US,4592,Master,Protoss
48,US,4592,Master,Zerg
48,US,4592,Master,Protoss
48,US,4592,Master,Random
48,US,4592,Master,Zerg
48,US,4591,Master,Zerg
48,US,4591,Master,Protoss
48,US,4591,Master,Terran
48,US,4591,Master,Protoss
48,US,4591,Master,Zerg
48,US,4590,Master,Zerg
48,US,4590,Master,Zerg
48,US,4590,Master,Terran
48,US,4590,Master,Protoss
48,US,4590,Master,Zerg
48,US,4589,Master,Terran
48,US,4589,Master,Protoss
48,US,4589,Master,Protoss
48,US,4589,Master,Terran
48,US,4589,Master,Protoss
48,US,4589,Master,Random
48,US,4589,Master,Protoss
48,US,4589,Master,Zerg
48,US,4589,Master,Zerg
48,US,4587,Master,Protoss
48,US,4587,Master,Terran
48,US,4587,Master,Terran
48,US,4587,Master,Zerg
48,US,4587,Master,Terran
48,US,4587,Master,Terran
48,US,4587,Master,Terran
48,US,4587,Master,Zerg
48,US,4587,Master,Terran
48,US,4587,Master,Terran
48,US,4586,Master,Terran
48,US,4586,Master,Terran
48,US,4586,Master,Terran
48,US,4586,Master,Zerg
48,US,4586,Master,Protoss
48,US,4586,Master,Zerg
48,US,4585,Master,Terran
48,US,4585,Master,Protoss
48,US,4585,Master,Terran
48,US,4585,Master,Terran
48,US,4584,Master,Terran
48,US,4584,Master,Terran
48,US,4584,Master,Terran
48,US,4584,Master,Protoss
48,US,4584,Master,Terran
48,US,4584,Master,Terran
48,US,4583,Master,Protoss
48,US,4583,Master,Protoss
48,US,4583,Master,Zerg
48,US,4583,Master,Terran
48,US,4583,Master,Protoss
48,US,4583,Master,Zerg
48,US,4583,Master,Protoss
48,US,4582,Master,Random
48,US,4582,Master,Terran
48,US,4582,Master,Zerg
48,US,4581,Master,Zerg
48,US,4581,Master,Protoss
48,US,4581,Master,Zerg
48,US,4581,Master,Zerg
48,US,4581,Master,Terran
48,US,4581,Master,Zerg
48,US,4580,Master,Terran
48,US,4580,Master,Terran
48,US,4580,Master,Protoss
48,US,4580,Master,Zerg
48,US,4580,Master,Zerg
48,US,4580,Master,Protoss
48,US,4580,Master,Terran
48,US,4580,Master,Terran
48,US,4579,Master,Terran
48,US,4579,Master,Protoss
48,US,4579,Master,Terran
48,US,4579,Master,Terran
48,US,4579,Master,Zerg
48,US,4579,Master,Random
48,US,4578,Master,Protoss
48,US,4578,Master,Zerg
48,US,4578,Master,Zerg
48,US,4578,Master,Terran
48,US,4578,Master,Terran
48,US,4577,Master,Terran
48,US,4577,Master,Terran
48,US,4577,Master,Zerg
48,US,4577,Master,Zerg
48,US,4576,Master,Terran
48,US,4576,Master,Zerg
48,US,4576,Master,Zerg
48,US,4576,Master,Terran
48,US,4576,Master,Terran
48,US,4576,Master,Protoss
48,US,4576,Master,Terran
48,US,4575,Master,Zerg
48,US,4575,Master,Terran
48,US,4575,Master,Zerg
48,US,4575,Master,Zerg
48,US,4575,Master,Protoss
48,US,4575,Master,Protoss
48,US,4574,Master,Protoss
48,US,4574,Master,Protoss
48,US,4574,Master,Protoss
48,US,4574,Master,Terran
48,US,4573,Master,Terran
48,US,4573,Master,Terran
48,US,4573,Master,Protoss
48,US,4573,Master,Zerg
48,US,4573,Master,Protoss
48,US,4572,Master,Terran
48,US,4572,Master,Random
48,US,4572,Master,Zerg
48,US,4572,Master,Terran
48,US,4571,Master,Protoss
48,US,4571,Master,Terran
48,US,4571,Master,Zerg
48,US,4571,Master,Protoss
48,US,4571,Master,Terran
48,US,4571,Master,Protoss
48,US,4570,Master,Zerg
48,US,4570,Master,Zerg
48,US,4570,Master,Terran
48,US,4568,Master,Zerg
48,US,4568,Master,Terran
48,US,4568,Master,Terran
48,US,4568,Master,Zerg
48,US,4568,Master,Protoss
48,US,4568,Master,Zerg
48,US,4568,Master,Protoss
48,US,4568,Master,Terran
48,US,4568,Master,Random
48,US,4568,Master,Protoss
48,US,4567,Master,Zerg
48,US,4567,Master,Terran
48,US,4567,Master,Random
48,US,4567,Master,Zerg
48,US,4567,Master,Terran
48,US,4566,Master,Terran
48,US,4566,Master,Terran
48,US,4566,Master,Random
48,US,4566,Master,Protoss
48,US,4566,Master,Protoss
48,US,4566,Master,Protoss
48,US,4566,Master,Protoss
48,US,4565,Master,Protoss
48,US,4565,Master,Random
48,US,4565,Master,Protoss
48,US,4565,Master,Terran
48,US,4565,Master,Protoss
48,US,4565,Master,Random
48,US,4565,Master,Zerg
48,US,4565,Master,Terran
48,US,4564,Master,Protoss
48,US,4564,Master,Zerg
48,US,4564,Master,Random
48,US,4564,Master,Zerg
48,US,4564,Master,Zerg
48,US,4564,Master,Zerg
48,US,4564,Master,Terran
48,US,4564,Master,Zerg
48,US,4563,Master,Terran
48,US,4563,Master,Terran
48,US,4563,Master,Protoss
48,US,4563,Master,Terran
48,US,4563,Master,Protoss
48,US,4563,Master,Terran
48,US,4563,Master,Terran
48,US,4563,Master,Zerg
48,US,4563,Master,Terran
48,US,4563,Master,Terran
48,US,4563,Master,Terran
48,US,4562,Master,Terran
48,US,4562,Master,Zerg
48,US,4562,Master,Zerg
48,US,4562,Master,Terran
48,US,4562,Master,Random
48,US,4561,Master,Protoss
48,US,4561,Master,Protoss
48,US,4561,Master,Protoss
48,US,4561,Master,Zerg
48,US,4561,Master,Terran
48,US,4561,Master,Protoss
48,US,4561,Master,Terran
48,US,4560,Master,Zerg
48,US,4560,Master,Zerg
48,US,4560,Master,Zerg
48,US,4560,Master,Terran
48,US,4560,Master,Protoss
48,US,4560,Master,Protoss
48,US,4560,Master,Zerg
48,US,4560,Master,Random
48,US,4560,Master,Protoss
48,US,4560,Master,Protoss
48,US,4559,Master,Protoss
48,US,4559,Master,Zerg
48,US,4559,Master,Protoss
48,US,4559,Master,Protoss
48,US,4559,Master,Protoss
48,US,4559,Master,Protoss
48,US,4559,Master,Protoss
48,US,4558,Master,Terran
48,US,4558,Master,Protoss
48,US,4558,Master,Random
48,US,4558,Master,Protoss
48,US,4558,Master,Terran
48,US,4557,Master,Zerg
48,US,4557,Master,Random
48,US,4557,Master,Random
48,US,4557,Master,Protoss
48,US,4557,Master,Protoss
48,US,4557,Master,Protoss
48,US,4557,Master,Protoss
48,US,4557,Master,Terran
48,US,4557,Master,Terran
48,US,4557,Master,Terran
48,US,4556,Master,Zerg
48,US,4556,Master,Zerg
48,US,4556,Master,Protoss
48,US,4556,Master,Terran
48,US,4556,Master,Terran
48,US,4556,Master,Zerg
48,US,4556,Master,Protoss
48,US,4554,Master,Zerg
48,US,4554,Master,Protoss
48,US,4554,Master,Protoss
48,US,4554,Master,Terran
48,US,4554,Master,Random
48,US,4554,Master,Terran
48,US,4553,Master,Protoss
48,US,4553,Master,Terran
48,US,4553,Master,Terran
48,US,4553,Master,Terran
48,US,4552,Master,Protoss
48,US,4552,Master,Protoss
48,US,4552,Master,Zerg
48,US,4552,Master,Zerg
48,US,4552,Master,Protoss
48,US,4552,Master,Zerg
48,US,4551,Master,Protoss
48,US,4551,Master,Protoss
48,US,4551,Master,Zerg
48,US,4551,Master,Protoss
48,US,4550,Master,Protoss
48,US,4550,Master,Random
48,US,4550,Master,Zerg
48,US,4550,Master,Zerg
48,US,4550,Master,Zerg
48,US,4550,Master,Terran
48,US,4550,Master,Protoss
48,US,4549,Master,Protoss
48,US,4549,Master,Protoss
48,US,4549,Master,Zerg
48,US,4549,Master,Zerg
48,US,4549,Master,Protoss
48,US,4549,Master,Protoss
48,US,4549,Master,Protoss
48,US,4549,Master,Terran
48,US,4548,Master,Protoss
48,US,4548,Master,Protoss
48,US,4548,Master,Zerg
48,US,4548,Master,Protoss
48,US,4548,Master,Zerg
48,US,4548,Master,Terran
48,US,4548,Master,Zerg
48,US,4548,Master,Zerg
48,US,4547,Master,Zerg
48,US,4547,Master,Zerg
48,US,4547,Master,Zerg
48,US,4547,Master,Protoss
48,US,4547,Master,Protoss
48,US,4547,Master,Protoss
48,US,4546,Master,Protoss
48,US,4545,Master,Protoss
48,US,4545,Master,Terran
48,US,4545,Master,Terran
48,US,4545,Master,Terran
48,US,4545,Master,Protoss
48,US,4545,Master,Terran
48,US,4545,Master,Protoss
48,US,4545,Master,Zerg
48,US,4545,Master,Terran
48,US,4544,Master,Zerg
48,US,4544,Master,Terran
48,US,4544,Master,Terran
48,US,4544,Master,Protoss
48,US,4543,Master,Protoss
48,US,4543,Master,Protoss
48,US,4543,Master,Protoss
48,US,4543,Master,Terran
48,US,4543,Master,Zerg
48,US,4543,Master,Zerg
48,US,4543,Master,Protoss
48,US,4543,Master,Terran
48,US,4543,Master,Zerg
48,US,4543,Master,Terran
48,US,4542,Master,Terran
48,US,4542,Master,Zerg
48,US,4542,Master,Protoss
48,US,4541,Master,Terran
48,US,4541,Master,Protoss
48,US,4541,Master,Protoss
48,US,4541,Master,Zerg
48,US,4540,Master,Zerg
48,US,4540,Master,Zerg
48,US,4540,Master,Zerg
48,US,4540,Master,Zerg
48,US,4539,Master,Random
48,US,4539,Master,Terran
48,US,4539,Master,Terran
48,US,4539,Master,Protoss
48,US,4539,Master,Protoss
48,US,4539,Master,Terran
48,US,4539,Master,Protoss
48,US,4539,Master,Zerg
48,US,4538,Master,Terran
48,US,4538,Master,Terran
48,US,4538,Master,Protoss
48,US,4538,Master,Random
48,US,4538,Master,Terran
48,US,4538,Master,Protoss
48,US,4538,Master,Protoss
48,US,4538,Master,Terran
48,US,4536,Master,Protoss
48,US,4536,Master,Terran
48,US,4536,Master,Terran
48,US,4536,Master,Protoss
48,US,4536,Master,Zerg
48,US,4536,Master,Protoss
48,US,4535,Master,Zerg
48,US,4535,Master,Terran
48,US,4535,Master,Zerg
48,US,4535,Master,Terran
48,US,4535,Master,Protoss
48,US,4535,Master,Protoss
48,US,4535,Master,Terran
48,US,4535,Master,Protoss
48,US,4534,Master,Zerg
48,US,4534,Master,Zerg
48,US,4534,Master,Protoss
48,US,4534,Master,Terran
48,US,4534,Master,Zerg
48,US,4534,Master,Terran
48,US,4534,Master,Zerg
48,US,4533,Master,Terran
48,US,4533,Master,Zerg
48,US,4533,Master,Zerg
48,US,4533,Master,Zerg
48,US,4532,Master,Protoss
48,US,4532,Master,Protoss
48,US,4532,Master,Protoss
48,US,4532,Master,Terran
48,US,4532,Master,Protoss
48,US,4532,Master,Protoss
48,US,4531,Master,Terran
48,US,4531,Master,Protoss
48,US,4530,Master,Zerg
48,US,4530,Master,Random
48,US,4530,Master,Zerg
48,US,4529,Master,Random
48,US,4529,Master,Protoss
48,US,4529,Master,Terran
48,US,4529,Master,Terran
48,US,4529,Master,Random
48,US,4529,Master,Zerg
48,US,4529,Master,Terran
48,US,4528,Master,Zerg
48,US,4528,Master,Protoss
48,US,4528,Master,Protoss
48,US,4528,Master,Terran
48,US,4528,Master,Terran
48,US,4528,Master,Zerg
48,US,4528,Master,Random
48,US,4528,Master,Random
48,US,4528,Master,Protoss
48,US,4528,Master,Zerg
48,US,4527,Master,Zerg
48,US,4527,Master,Protoss
48,US,4527,Master,Zerg
48,US,4527,Master,Zerg
48,US,4527,Master,Zerg
48,US,4527,Master,Protoss
48,US,4527,Master,Terran
48,US,4527,Master,Terran
48,US,4527,Master,Terran
48,US,4527,Master,Random
48,US,4527,Master,Protoss
48,US,4527,Master,Protoss
48,US,4527,Master,Terran
48,US,4526,Master,Protoss
48,US,4526,Master,Terran
48,US,4526,Master,Random
48,US,4526,Master,Zerg
48,US,4526,Master,Zerg
48,US,4526,Master,Zerg
48,US,4526,Master,Protoss
48,US,4526,Master,Terran
48,US,4525,Master,Terran
48,US,4525,Master,Terran
48,US,4525,Master,Terran
48,US,4525,Master,Terran
48,US,4525,Master,Terran
48,US,4525,Master,Terran
48,US,4524,Master,Random
48,US,4524,Master,Protoss
48,US,4524,Master,Zerg
48,US,4524,Master,Terran
48,US,4524,Master,Zerg
48,US,4524,Master,Zerg
48,US,4524,Master,Zerg
48,US,4524,Master,Zerg
48,US,4524,Master,Zerg
48,US,4524,Master,Protoss
48,US,4524,Master,Terran
48,US,4523,Master,Zerg
48,US,4523,Master,Protoss
48,US,4523,Master,Zerg
48,US,4523,Master,Terran
48,US,4523,Master,Protoss
48,US,4523,Master,Protoss
48,US,4523,Master,Terran
48,US,4523,Master,Protoss
48,US,4523,Master,Zerg
48,US,4521,Master,Terran
48,US,4520,Master,Random
48,US,4520,Master,Random
48,US,4520,Master,Terran
48,US,4520,Master,Terran
48,US,4520,Master,Random
48,US,4520,Master,Protoss
48,US,4520,Master,Protoss
48,US,4520,Master,Terran
48,US,4520,Master,Protoss
48,US,4519,Master,Random
48,US,4519,Master,Zerg
48,US,4519,Master,Zerg
48,US,4519,Master,Zerg
48,US,4519,Master,Random
48,US,4519,Master,Protoss
48,US,4519,Master,Protoss
48,US,4519,Master,Zerg
48,US,4519,Master,Zerg
48,US,4519,Master,Protoss
48,US,4518,Master,Zerg
48,US,4518,Master,Zerg
48,US,4518,Master,Zerg
48,US,4518,Master,Terran
48,US,4517,Master,Zerg
48,US,4517,Master,Terran
48,US,4517,Master,Terran
48,US,4517,Master,Random
48,US,4517,Master,Zerg
48,US,4516,Master,Protoss
48,US,4516,Master,Protoss
48,US,4516,Master,Zerg
48,US,4516,Master,Random
48,US,4516,Master,Terran
48,US,4516,Master,Terran
48,US,4516,Master,Protoss
48,US,4516,Master,Protoss
48,US,4515,Master,Terran
48,US,4515,Master,Terran
48,US,4515,Master,Zerg
48,US,4515,Master,Terran
48,US,4515,Master,Zerg
48,US,4515,Master,Protoss
48,US,4514,Master,Terran
48,US,4514,Master,Terran
48,US,4514,Master,Protoss
48,US,4514,Master,Zerg
48,US,4514,Master,Zerg
48,US,4514,Master,Terran
48,US,4513,Master,Terran
48,US,4513,Master,Protoss
48,US,4513,Master,Protoss
48,US,4513,Master,Terran
48,US,4513,Master,Zerg
48,US,4513,Master,Terran
48,US,4513,Master,Terran
48,US,4512,Master,Zerg
48,US,4512,Master,Terran
48,US,4512,Master,Terran
48,US,4512,Master,Protoss
48,US,4512,Master,Terran
48,US,4512,Master,Protoss
48,US,4512,Master,Protoss
48,US,4511,Master,Protoss
48,US,4511,Master,Zerg
48,US,4511,Master,Terran
48,US,4511,Master,Zerg
48,US,4511,Master,Zerg
48,US,4511,Master,Protoss
48,US,4511,Master,Terran
48,US,4510,Master,Terran
48,US,4510,Master,Zerg
48,US,4510,Master,Protoss
48,US,4510,Master,Protoss
48,US,4510,Master,Protoss
48,US,4510,Master,Zerg
48,US,4510,Master,Protoss
48,US,4510,Master,Protoss
48,US,4510,Master,Zerg
48,US,4510,Master,Zerg
48,US,4509,Master,Zerg
48,US,4509,Master,Zerg
48,US,4509,Master,Protoss
48,US,4509,Master,Protoss
48,US,4509,Master,Terran
48,US,4509,Master,Protoss
48,US,4509,Master,Zerg
48,US,4509,Master,Zerg
48,US,4509,Master,Zerg
48,US,4508,Master,Protoss
48,US,4508,Master,Protoss
48,US,4508,Master,Protoss
48,US,4508,Master,Terran
48,US,4508,Master,Random
48,US,4508,Master,Protoss
48,US,4507,Master,Random
48,US,4507,Master,Terran
48,US,4507,Master,Protoss
48,US,4507,Master,Terran
48,US,4507,Master,Terran
48,US,4505,Master,Protoss
48,US,4505,Master,Protoss
48,US,4505,Master,Terran
48,US,4505,Master,Protoss
48,US,4505,Master,Zerg
48,US,4504,Master,Protoss
48,US,4504,Master,Zerg
48,US,4504,Master,Protoss
48,US,4504,Master,Protoss
48,US,4504,Master,Protoss
48,US,4504,Master,Protoss
48,US,4503,Master,Zerg
48,US,4503,Master,Zerg
48,US,4503,Master,Zerg
48,US,4503,Master,Protoss
48,US,4503,Master,Protoss
48,US,4503,Master,Terran
48,US,4502,Master,Protoss
48,US,4502,Master,Terran
48,US,4502,Master,Zerg
48,US,4502,Master,Protoss
48,US,4501,Master,Zerg
48,US,4501,Master,Terran
48,US,4501,Master,Terran
48,US,4501,Master,Terran
48,US,4501,Master,Zerg
48,US,4501,Master,Zerg
48,US,4501,Master,Terran
48,US,4501,Master,Terran
48,US,4501,Master,Terran
48,US,4501,Master,Terran
48,US,4500,Master,Protoss
48,US,4500,Master,Terran
48,US,4500,Master,Random
48,US,4500,Master,Zerg
48,US,4500,Master,Zerg
48,US,4500,Master,Zerg
48,US,4500,Master,Protoss
48,US,4500,Master,Zerg
48,US,4500,Master,Terran
48,US,4500,Master,Zerg
48,US,4500,Master,Zerg
48,US,4500,Master,Terran
48,US,4500,Master,Protoss
48,US,4499,Master,Zerg
48,US,4499,Master,Protoss
48,US,4499,Master,Protoss
48,US,4499,Master,Zerg
48,US,4499,Master,Zerg
48,US,4499,Master,Protoss
48,US,4499,Master,Protoss
48,US,4499,Master,Protoss
48,US,4499,Master,Terran
48,US,4498,Master,Zerg
48,US,4498,Master,Protoss
48,US,4498,Master,Terran
48,US,4498,Master,Protoss
48,US,4498,Master,Random
48,US,4498,Master,Protoss
48,US,4498,Master,Zerg
48,US,4497,Master,Zerg
48,US,4497,Master,Zerg
48,US,4497,Master,Zerg
48,US,4497,Master,Zerg
48,US,4497,Master,Zerg
48,US,4497,Master,Random
48,US,4497,Master,Random
48,US,4497,Master,Zerg
48,US,4497,Master,Zerg
48,US,4497,Master,Random
48,US,4497,Master,Protoss
48,US,4497,Master,Zerg
48,US,4497,Master,Protoss
48,US,4497,Master,Zerg
48,US,4496,Master,Protoss
48,US,4496,Master,Zerg
48,US,4496,Master,Random
48,US,4496,Master,Zerg
48,US,4496,Master,Zerg
48,US,4496,Master,Zerg
48,US,4496,Master,Terran
48,US,4496,Master,Protoss
48,US,4496,Master,Protoss
48,US,4495,Master,Terran
48,US,4495,Master,Protoss
48,US,4495,Master,Terran
48,US,4495,Master,Zerg
48,US,4495,Master,Random
48,US,4495,Master,Protoss
48,US,4495,Master,Terran
48,US,4495,Master,Protoss
48,US,4495,Master,Zerg
48,US,4494,Master,Zerg
48,US,4494,Master,Terran
48,US,4494,Master,Zerg
48,US,4494,Master,Protoss
48,US,4494,Master,Protoss
48,US,4494,Master,Terran
48,US,4493,Master,Protoss
48,US,4493,Master,Protoss
48,US,4491,Master,Zerg
48,US,4491,Master,Protoss
48,US,4491,Master,Zerg
48,US,4491,Master,Zerg
48,US,4491,Master,Zerg
48,US,4491,Master,Zerg
48,US,4491,Master,Terran
48,US,4491,Master,Zerg
48,US,4490,Master,Zerg
48,US,4490,Master,Random
48,US,4490,Master,Terran
48,US,4490,Master,Zerg
48,US,4490,Master,Protoss
48,US,4490,Master,Zerg
48,US,4490,Master,Protoss
48,US,4490,Master,Protoss
48,US,4489,Master,Terran
48,US,4489,Master,Terran
48,US,4489,Master,Terran
48,US,4489,Master,Zerg
48,US,4489,Master,Protoss
48,US,4489,Master,Terran
48,US,4489,Master,Protoss
48,US,4489,Master,Terran
48,US,4489,Master,Protoss
48,US,4489,Master,Terran
48,US,4489,Master,Zerg
48,US,4489,Master,Terran
48,US,4488,Master,Zerg
48,US,4488,Master,Terran
48,US,4488,Master,Terran
48,US,4488,Master,Terran
48,US,4488,Master,Protoss
48,US,4488,Master,Random
48,US,4488,Master,Protoss
48,US,4488,Master,Random
48,US,4488,Master,Zerg
48,US,4488,Master,Protoss
48,US,4488,Master,Zerg
48,US,4487,Master,Protoss
48,US,4487,Master,Protoss
48,US,4487,Master,Terran
48,US,4487,Master,Protoss
48,US,4487,Master,Terran
48,US,4487,Master,Protoss
48,US,4487,Master,Terran
48,US,4487,Master,Protoss
48,US,4487,Master,Protoss
48,US,4486,Master,Zerg
48,US,4486,Master,Zerg
48,US,4486,Master,Zerg
48,US,4486,Master,Protoss
48,US,4486,Master,Terran
48,US,4486,Master,Protoss
48,US,4486,Master,Protoss
48,US,4486,Master,Terran
48,US,4486,Master,Random
48,US,4486,Master,Protoss
48,US,4485,Master,Random
48,US,4485,Master,Random
48,US,4485,Master,Terran
48,US,4485,Master,Zerg
48,US,4485,Master,Zerg
48,US,4485,Master,Terran
48,US,4485,Master,Protoss
48,US,4485,Master,Zerg
48,US,4485,Master,Protoss
48,US,4484,Master,Zerg
48,US,4484,Master,Zerg
48,US,4484,Master,Terran
48,US,4484,Master,Zerg
48,US,4484,Master,Protoss
48,US,4483,Master,Terran
48,US,4483,Master,Random
48,US,4483,Master,Protoss
48,US,4483,Master,Protoss
48,US,4483,Master,Random
48,US,4483,Master,Protoss
48,US,4483,Master,Protoss
48,US,4483,Master,Protoss
48,US,4483,Master,Protoss
48,US,4482,Master,Terran
48,US,4482,Master,Terran
48,US,4482,Master,Protoss
48,US,4482,Master,Random
48,US,4482,Master,Terran
48,US,4482,Master,Protoss
48,US,4482,Master,Terran
48,US,4482,Master,Zerg
48,US,4481,Master,Protoss
48,US,4481,Master,Terran
48,US,4481,Master,Zerg
48,US,4481,Master,Protoss
48,US,4480,Master,Protoss
48,US,4480,Master,Terran
48,US,4479,Master,Protoss
48,US,4479,Master,Zerg
48,US,4479,Master,Random
48,US,4479,Master,Terran
48,US,4479,Master,Protoss
48,US,4477,Master,Protoss
48,US,4477,Master,Zerg
48,US,4477,Master,Terran
48,US,4477,Master,Zerg
48,US,4477,Master,Terran
48,US,4477,Master,Protoss
48,US,4477,Master,Zerg
48,US,4477,Master,Protoss
48,US,4477,Master,Terran
48,US,4476,Master,Protoss
48,US,4476,Master,Protoss
48,US,4476,Master,Zerg
48,US,4476,Master,Protoss
48,US,4476,Master,Terran
48,US,4475,Master,Zerg
48,US,4475,Master,Zerg
48,US,4475,Master,Protoss
48,US,4475,Master,Terran
48,US,4475,Master,Zerg
48,US,4475,Master,Zerg
48,US,4474,Master,Protoss
48,US,4474,Master,Terran
48,US,4474,Master,Random
48,US,4474,Master,Zerg
48,US,4474,Master,Protoss
48,US,4473,Master,Protoss
48,US,4473,Master,Zerg
48,US,4473,Master,Terran
48,US,4473,Master,Protoss
48,US,4473,Master,Terran
48,US,4473,Master,Terran
48,US,4473,Master,Terran
48,US,4472,Master,Terran
48,US,4472,Master,Terran
48,US,4472,Master,Protoss
48,US,4472,Master,Terran
48,US,4472,Master,Terran
48,US,4472,Master,Protoss
48,US,4472,Master,Zerg
48,US,4471,Master,Zerg
48,US,4471,Master,Protoss
48,US,4471,Master,Terran
48,US,4471,Master,Zerg
48,US,4471,Master,Random
48,US,4471,Master,Zerg
48,US,4471,Master,Zerg
48,US,4471,Master,Terran
48,US,4471,Master,Zerg
48,US,4471,Master,Protoss
48,US,4471,Master,Zerg
48,US,4471,Master,Protoss
48,US,4471,Master,Protoss
48,US,4470,Master,Protoss
48,US,4470,Master,Terran
48,US,4470,Master,Terran
48,US,4470,Master,Terran
48,US,4470,Master,Terran
48,US,4470,Master,Protoss
48,US,4470,Master,Zerg
48,US,4470,Master,Protoss
48,US,4469,Master,Protoss
48,US,4469,Master,Zerg
48,US,4469,Master,Zerg
48,US,4469,Master,Terran
48,US,4469,Master,Protoss
48,US,4469,Master,Random
48,US,4468,Master,Random
48,US,4468,Master,Random
48,US,4468,Master,Protoss
48,US,4468,Master,Protoss
48,US,4468,Master,Protoss
48,US,4468,Master,Zerg
48,US,4468,Master,Zerg
48,US,4468,Master,Protoss
48,US,4468,Master,Protoss
48,US,4467,Master,Zerg
48,US,4467,Master,Protoss
48,US,4467,Master,Terran
48,US,4467,Master,Terran
48,US,4467,Master,Terran
48,US,4467,Master,Random
48,US,4467,Master,Protoss
48,US,4467,Master,Zerg
48,US,4467,Master,Terran
48,US,4466,Master,Protoss
48,US,4466,Master,Terran
48,US,4466,Master,Zerg
48,US,4466,Master,Protoss
48,US,4466,Master,Protoss
48,US,4465,Master,Zerg
48,US,4465,Master,Protoss
48,US,4465,Master,Protoss
48,US,4465,Master,Zerg
48,US,4465,Master,Protoss
48,US,4465,Master,Protoss
48,US,4465,Master,Zerg
48,US,4465,Master,Zerg
48,US,4465,Master,Terran
48,US,4465,Master,Random
48,US,4465,Master,Zerg
48,US,4463,Master,Protoss
48,US,4463,Master,Zerg
48,US,4463,Master,Zerg
48,US,4463,Master,Terran
48,US,4463,Master,Zerg
48,US,4463,Master,Protoss
48,US,4463,Master,Terran
48,US,4463,Master,Protoss
48,US,4463,Master,Protoss
48,US,4463,Master,Protoss
48,US,4462,Master,Terran
48,US,4462,Master,Protoss
48,US,4462,Master,Protoss
48,US,4462,Master,Random
48,US,4462,Master,Zerg
48,US,4462,Master,Protoss
48,US,4462,Master,Protoss
48,US,4462,Master,Zerg
48,US,4461,Master,Protoss
48,US,4461,Master,Protoss
48,US,4461,Master,Terran
48,US,4461,Master,Random
48,US,4461,Master,Zerg
48,US,4461,Master,Terran
48,US,4461,Master,Random
48,US,4461,Master,Random
48,US,4461,Master,Zerg
48,US,4461,Master,Protoss
48,US,4460,Master,Protoss
48,US,4460,Master,Protoss
48,US,4460,Master,Zerg
48,US,4460,Master,Protoss
48,US,4460,Master,Terran
48,US,4460,Master,Terran
48,US,4460,Master,Protoss
48,US,4460,Master,Protoss
48,US,4460,Master,Random
48,US,4460,Master,Zerg
48,US,4460,Master,Terran
48,US,4460,Master,Terran
48,US,4459,Master,Random
48,US,4459,Master,Protoss
48,US,4459,Master,Terran
48,US,4459,Master,Zerg
48,US,4459,Master,Protoss
48,US,4459,Master,Terran
48,US,4459,Master,Terran
48,US,4459,Master,Protoss
48,US,4459,Master,Protoss
48,US,4459,Master,Terran
48,US,4458,Master,Zerg
48,US,4458,Master,Terran
48,US,4458,Master,Terran
48,US,4458,Master,Terran
48,US,4458,Master,Zerg
48,US,4458,Master,Protoss
48,US,4457,Master,Terran
48,US,4457,Master,Protoss
48,US,4457,Master,Protoss
48,US,4457,Master,Protoss
48,US,4457,Master,Zerg
48,US,4457,Master,Random
48,US,4457,Master,Zerg
48,US,4457,Master,Terran
48,US,4457,Master,Zerg
48,US,4457,Master,Zerg
48,US,4456,Master,Terran
48,US,4456,Master,Protoss
48,US,4456,Master,Zerg
48,US,4456,Master,Protoss
48,US,4456,Master,Zerg
48,US,4456,Master,Random
48,US,4455,Master,Terran
48,US,4455,Master,Zerg
48,US,4455,Master,Zerg
48,US,4455,Master,Terran
48,US,4454,Master,Zerg
48,US,4454,Master,Terran
48,US,4454,Master,Protoss
48,US,4454,Master,Protoss
48,US,4454,Master,Terran
48,US,4454,Master,Protoss
48,US,4453,Master,Zerg
48,US,4453,Master,Protoss
48,US,4453,Master,Zerg
48,US,4453,Master,Terran
48,US,4452,Master,Random
48,US,4452,Master,Protoss
48,US,4452,Master,Protoss
48,US,4452,Master,Zerg
48,US,4452,Master,Zerg
48,US,4452,Master,Protoss
48,US,4452,Master,Terran
48,US,4452,Master,Zerg
48,US,4452,Master,Protoss
48,US,4452,Master,Zerg
48,US,4452,Master,Terran
48,US,4452,Master,Random
48,US,4451,Master,Zerg
48,US,4451,Master,Zerg
48,US,4449,Master,Zerg
48,US,4449,Master,Random
48,US,4449,Master,Random
48,US,4449,Master,Terran
48,US,4449,Master,Protoss
48,US,4449,Master,Terran
48,US,4449,Master,Zerg
48,US,4449,Master,Random
48,US,4449,Master,Protoss
48,US,4449,Master,Terran
48,US,4449,Master,Zerg
48,US,4449,Master,Protoss
48,US,4449,Master,Zerg
48,US,4449,Master,Terran
48,US,4449,Master,Protoss
48,US,4448,Master,Protoss
48,US,4448,Master,Zerg
48,US,4448,Master,Zerg
48,US,4448,Master,Terran
48,US,4448,Master,Zerg
48,US,4448,Master,Protoss
48,US,4448,Master,Protoss
48,US,4447,Master,Zerg
48,US,4447,Master,Protoss
48,US,4447,Master,Terran
48,US,4447,Master,Protoss
48,US,4447,Master,Terran
48,US,4447,Master,Zerg
48,US,4447,Master,Terran
48,US,4447,Master,Zerg
48,US,4447,Master,Zerg
48,US,4447,Master,Zerg
48,US,4447,Master,Zerg
48,US,4447,Master,Zerg
48,US,4447,Master,Protoss
48,US,4446,Master,Protoss
48,US,4446,Master,Protoss
48,US,4446,Master,Zerg
48,US,4446,Master,Protoss
48,US,4446,Master,Zerg
48,US,4446,Master,Terran
48,US,4446,Master,Terran
48,US,4446,Master,Protoss
48,US,4446,Master,Random
48,US,4446,Master,Protoss
48,US,4446,Master,Terran
48,US,4446,Master,Terran
48,US,4446,Master,Terran
48,US,4446,Master,Zerg
48,US,4446,Master,Protoss
48,US,4445,Master,Zerg
48,US,4445,Master,Zerg
48,US,4445,Master,Protoss
48,US,4445,Master,Terran
48,US,4445,Master,Protoss
48,US,4445,Master,Random
48,US,4445,Master,Protoss
48,US,4445,Master,Terran
48,US,4445,Master,Protoss
48,US,4445,Master,Protoss
48,US,4445,Master,Zerg
48,US,4445,Master,Terran
48,US,4444,Master,Random
48,US,4444,Master,Terran
48,US,4444,Master,Terran
48,US,4444,Master,Protoss
48,US,4444,Master,Protoss
48,US,4444,Master,Zerg
48,US,4443,Master,Zerg
48,US,4443,Master,Random
48,US,4443,Master,Random
48,US,4443,Master,Protoss
48,US,4443,Master,Terran
48,US,4443,Master,Random
48,US,4443,Master,Protoss
48,US,4443,Master,Terran
48,US,4443,Master,Protoss
48,US,4442,Master,Terran
48,US,4442,Master,Protoss
48,US,4442,Master,Zerg
48,US,4442,Master,Protoss
48,US,4442,Master,Terran
48,US,4442,Master,Terran
48,US,4442,Master,Protoss
48,US,4442,Master,Protoss
48,US,4442,Master,Terran
48,US,4442,Master,Terran
48,US,4442,Master,Protoss
48,US,4441,Master,Protoss
48,US,4441,Master,Protoss
48,US,4441,Master,Zerg
48,US,4441,Master,Terran
48,US,4441,Master,Terran
48,US,4441,Master,Protoss
48,US,4441,Master,Protoss
48,US,4441,Master,Random
48,US,4441,Master,Terran
48,US,4441,Master,Protoss
48,US,4441,Master,Protoss
48,US,4441,Master,Random
48,US,4439,Master,Protoss
48,US,4439,Master,Zerg
48,US,4439,Master,Terran
48,US,4439,Master,Terran
48,US,4439,Master,Protoss
48,US,4439,Master,Random
48,US,4439,Master,Terran
48,US,4439,Master,Zerg
48,US,4439,Master,Zerg
48,US,4439,Master,Zerg
48,US,4439,Master,Protoss
48,US,4438,Master,Zerg
48,US,4438,Master,Zerg
48,US,4438,Master,Terran
48,US,4438,Master,Protoss
48,US,4438,Master,Protoss
48,US,4438,Master,Zerg
48,US,4438,Master,Zerg
48,US,4438,Master,Protoss
48,US,4438,Master,Terran
48,US,4438,Master,Terran
48,US,4438,Master,Zerg
48,US,4438,Master,Zerg
48,US,4438,Master,Protoss
48,US,4438,Master,Protoss
48,US,4437,Master,Terran
48,US,4437,Master,Protoss
48,US,4437,Master,Protoss
48,US,4437,Master,Terran
48,US,4437,Master,Protoss
48,US,4437,Master,Random
48,US,4437,Master,Random
48,US,4437,Master,Protoss
48,US,4437,Master,Zerg
48,US,4437,Master,Zerg
48,US,4437,Master,Zerg
48,US,4437,Master,Zerg
48,US,4436,Master,Protoss
48,US,4436,Master,Protoss
48,US,4436,Master,Terran
48,US,4436,Master,Protoss
48,US,4436,Master,Terran
48,US,4436,Master,Random
48,US,4436,Master,Protoss
48,US,4436,Master,Zerg
48,US,4436,Master,Zerg
48,US,4436,Master,Zerg
48,US,4436,Master,Zerg
48,US,4436,Master,Protoss
48,US,4436,Master,Zerg
48,US,4436,Master,Random
48,US,4436,Master,Terran
48,US,4436,Master,Protoss
48,US,4436,Master,Protoss
48,US,4436,Master,Zerg
48,US,4436,Master,Terran
48,US,4436,Master,Terran
48,US,4435,Master,Random
48,US,4435,Master,Terran
48,US,4435,Master,Zerg
48,US,4435,Master,Terran
48,US,4435,Master,Zerg
48,US,4435,Master,Random
48,US,4435,Master,Random
48,US,4435,Master,Zerg
48,US,4435,Master,Terran
48,US,4435,Master,Protoss
48,US,4435,Master,Zerg
48,US,4435,Master,Terran
48,US,4435,Master,Protoss
48,US,4435,Master,Zerg
48,US,4435,Master,Protoss
48,US,4435,Master,Zerg
48,US,4435,Master,Zerg
48,US,4435,Master,Protoss
48,US,4435,Master,Zerg
48,US,4435,Master,Terran
48,US,4434,Master,Zerg
48,US,4434,Master,Protoss
48,US,4434,Master,Terran
48,US,4434,Master,Random
48,US,4434,Master,Zerg
48,US,4434,Master,Zerg
48,US,4434,Master,Terran
48,US,4433,Master,Protoss
48,US,4433,Master,Terran
48,US,4433,Master,Protoss
48,US,4433,Master,Zerg
48,US,4433,Master,Terran
48,US,4433,Master,Protoss
48,US,4433,Master,Terran
48,US,4432,Master,Protoss
48,US,4432,Master,Protoss
48,US,4432,Master,Zerg
48,US,4432,Master,Terran
48,US,4432,Master,Protoss
48,US,4432,Master,Protoss
48,US,4432,Master,Zerg
48,US,4432,Master,Protoss
48,US,4432,Master,Zerg
48,US,4430,Master,Zerg
48,US,4430,Master,Zerg
48,US,4430,Master,Protoss
48,US,4430,Master,Terran
48,US,4430,Master,Protoss
48,US,4430,Master,Protoss
48,US,4430,Master,Zerg
48,US,4430,Master,Protoss
48,US,4430,Master,Terran
48,US,4430,Master,Terran
48,US,4430,Master,Terran
48,US,4430,Master,Terran
48,US,4429,Master,Zerg
48,US,4429,Master,Terran
48,US,4429,Master,Zerg
48,US,4429,Master,Protoss
48,US,4429,Master,Protoss
48,US,4429,Master,Terran
48,US,4429,Master,Zerg
48,US,4429,Master,Protoss
48,US,4429,Master,Protoss
48,US,4429,Master,Terran
48,US,4429,Master,Protoss
48,US,4429,Master,Zerg
48,US,4429,Master,Protoss
48,US,4429,Master,Terran
48,US,4428,Master,Random
48,US,4428,Master,Random
48,US,4428,Master,Zerg
48,US,4428,Master,Protoss
48,US,4428,Master,Protoss
48,US,4428,Master,Protoss
48,US,4428,Master,Terran
48,US,4428,Master,Protoss
48,US,4428,Master,Zerg
48,US,4428,Master,Protoss
48,US,4427,Master,Protoss
48,US,4427,Master,Zerg
48,US,4427,Master,Zerg
48,US,4427,Master,Protoss
48,US,4427,Master,Terran
48,US,4427,Master,Zerg
48,US,4426,Master,Terran
48,US,4426,Master,Terran
48,US,4426,Master,Protoss
48,US,4426,Master,Zerg
48,US,4426,Master,Protoss
48,US,4426,Master,Terran
48,US,4426,Master,Zerg
48,US,4426,Master,Terran
48,US,4425,Master,Terran
48,US,4425,Master,Terran
48,US,4425,Master,Terran
48,US,4425,Master,Protoss
48,US,4425,Master,Zerg
48,US,4425,Master,Protoss
48,US,4425,Master,Terran
48,US,4425,Master,Random
48,US,4425,Master,Zerg
48,US,4425,Master,Terran
48,US,4425,Master,Zerg
48,US,4425,Master,Terran
48,US,4425,Master,Terran
48,US,4424,Master,Zerg
48,US,4424,Master,Zerg
48,US,4424,Master,Zerg
48,US,4424,Master,Protoss
48,US,4424,Master,Terran
48,US,4424,Master,Terran
48,US,4424,Master,Terran
48,US,4424,Master,Terran
48,US,4423,Master,Zerg
48,US,4423,Master,Protoss
48,US,4423,Master,Protoss
48,US,4423,Master,Protoss
48,US,4423,Master,Protoss
48,US,4423,Master,Terran
48,US,4423,Master,Terran
48,US,4423,Master,Protoss
48,US,4423,Master,Terran
48,US,4423,Master,Protoss
48,US,4422,Master,Protoss
48,US,4422,Master,Protoss
48,US,4422,Master,Random
48,US,4422,Master,Zerg
48,US,4421,Master,Terran
48,US,4421,Master,Zerg
48,US,4421,Master,Protoss
48,US,4421,Master,Terran
48,US,4421,Master,Protoss
48,US,4421,Master,Zerg
48,US,4421,Master,Random
48,US,4420,Master,Zerg
48,US,4420,Master,Protoss
48,US,4420,Master,Terran
48,US,4420,Master,Protoss
48,US,4420,Master,Protoss
48,US,4420,Master,Protoss
48,US,4420,Master,Zerg
48,US,4420,Master,Zerg
48,US,4418,Master,Terran
48,US,4418,Master,Protoss
48,US,4418,Master,Zerg
48,US,4418,Master,Protoss
48,US,4418,Master,Protoss
48,US,4418,Master,Zerg
48,US,4418,Master,Terran
48,US,4418,Master,Random
48,US,4418,Master,Terran
48,US,4418,Master,Random
48,US,4418,Master,Zerg
48,US,4418,Master,Protoss
48,US,4418,Master,Terran
48,US,4418,Master,Zerg
48,US,4418,Master,Protoss
48,US,4418,Master,Protoss
48,US,4418,Master,Zerg
48,US,4418,Master,Zerg
48,US,4418,Master,Terran
48,US,4418,Master,Terran
48,US,4417,Master,Protoss
48,US,4417,Master,Zerg
48,US,4417,Master,Terran
48,US,4417,Master,Zerg
48,US,4417,Master,Protoss
48,US,4417,Master,Terran
48,US,4417,Master,Terran
48,US,4417,Master,Protoss
48,US,4417,Master,Zerg
48,US,4417,Master,Random
48,US,4417,Master,Zerg
48,US,4417,Master,Protoss
48,US,4417,Master,Protoss
48,US,4417,Master,Protoss
48,US,4417,Master,Zerg
48,US,4417,Master,Terran
48,US,4416,Master,Zerg
48,US,4416,Master,Random
48,US,4416,Master,Terran
48,US,4416,Master,Protoss
48,US,4416,Master,Protoss
48,US,4416,Master,Random
48,US,4416,Master,Protoss
48,US,4416,Master,Protoss
48,US,4416,Master,Random
48,US,4416,Master,Terran
48,US,4416,Master,Terran
48,US,4416,Master,Protoss
48,US,4416,Master,Protoss
48,US,4416,Master,Zerg
48,US,4416,Master,Zerg
48,US,4415,Master,Zerg
48,US,4415,Master,Random
48,US,4415,Master,Terran
48,US,4415,Master,Terran
48,US,4415,Master,Zerg
48,US,4415,Master,Terran
48,US,4415,Master,Terran
48,US,4415,Master,Terran
48,US,4415,Master,Zerg
48,US,4415,Master,Random
48,US,4415,Master,Zerg
48,US,4415,Master,Terran
48,US,4415,Master,Terran
48,US,4415,Master,Protoss
48,US,4415,Master,Protoss
48,US,4415,Master,Zerg
48,US,4414,Master,Protoss
48,US,4414,Master,Zerg
48,US,4414,Master,Protoss
48,US,4414,Master,Zerg
48,US,4414,Master,Protoss
48,US,4414,Master,Zerg
48,US,4414,Master,Protoss
48,US,4414,Master,Protoss
48,US,4414,Master,Zerg
48,US,4414,Master,Protoss
48,US,4414,Master,Terran
48,US,4414,Master,Zerg
48,US,4414,Master,Terran
48,US,4414,Master,Protoss
48,US,4414,Master,Terran
48,US,4414,Master,Terran
48,US,4413,Master,Protoss
48,US,4413,Master,Terran
48,US,4413,Master,Protoss
48,US,4413,Master,Protoss
48,US,4413,Master,Terran
48,US,4413,Master,Random
48,US,4413,Master,Terran
48,US,4413,Master,Random
48,US,4413,Master,Terran
48,US,4413,Master,Zerg
48,US,4413,Master,Zerg
48,US,4413,Master,Protoss
48,US,4413,Master,Terran
48,US,4413,Master,Protoss
48,US,4413,Master,Terran
48,US,4413,Master,Zerg
48,US,4412,Master,Terran
48,US,4410,Master,Protoss
48,US,4410,Master,Random
48,US,4410,Master,Protoss
48,US,4410,Master,Random
48,US,4410,Master,Terran
48,US,4410,Master,Protoss
48,US,4410,Master,Zerg
48,US,4410,Master,Zerg
48,US,4410,Master,Terran
48,US,4410,Master,Zerg
48,US,4410,Master,Terran
48,US,4410,Master,Zerg
48,US,4410,Master,Zerg
48,US,4410,Master,Protoss
48,US,4409,Master,Zerg
48,US,4409,Master,Protoss
48,US,4409,Master,Protoss
48,US,4409,Master,Terran
48,US,4409,Master,Protoss
48,US,4409,Master,Protoss
48,US,4409,Master,Terran
48,US,4409,Master,Terran
48,US,4409,Master,Terran
48,US,4409,Master,Zerg
48,US,4409,Master,Protoss
48,US,4409,Master,Terran
48,US,4409,Master,Zerg
48,US,4409,Master,Terran
48,US,4408,Master,Zerg
48,US,4408,Master,Zerg
48,US,4408,Master,Terran
48,US,4408,Master,Protoss
48,US,4408,Master,Zerg
48,US,4408,Master,Terran
48,US,4408,Master,Zerg
48,US,4408,Master,Zerg
48,US,4408,Master,Terran
48,US,4408,Master,Terran
48,US,4408,Master,Terran
48,US,4408,Master,Random
48,US,4408,Master,Terran
48,US,4408,Master,Zerg
48,US,4408,Master,Zerg
48,US,4408,Master,Zerg
48,US,4408,Master,Terran
48,US,4408,Master,Terran
48,US,4408,Master,Terran
48,US,4408,Master,Protoss
48,US,4408,Master,Random
48,US,4407,Master,Terran
48,US,4407,Master,Terran
48,US,4407,Master,Terran
48,US,4407,Master,Protoss
48,US,4407,Master,Protoss
48,US,4407,Master,Protoss
48,US,4407,Master,Terran
48,US,4407,Master,Terran
48,US,4407,Master,Zerg
48,US,4407,Master,Zerg
48,US,4407,Master,Protoss
48,US,4407,Master,Terran
48,US,4407,Master,Terran
48,US,4407,Master,Protoss
48,US,4407,Master,Zerg
48,US,4407,Master,Protoss
48,US,4407,Master,Terran
48,US,4407,Master,Zerg
48,US,4407,Master,Protoss
48,US,4407,Master,Zerg
48,US,4407,Master,Zerg
48,US,4407,Master,Terran
48,US,4407,Master,Terran
48,US,4406,Master,Protoss
48,US,4406,Master,Terran
48,US,4406,Master,Protoss
48,US,4406,Master,Zerg
48,US,4406,Master,Zerg
48,US,4406,Master,Terran
48,US,4406,Master,Terran
48,US,4406,Master,Terran
48,US,4406,Master,Terran
48,US,4406,Master,Random
48,US,4406,Master,Zerg
48,US,4406,Master,Terran
48,US,4406,Master,Protoss
48,US,4406,Master,Terran
48,US,4406,Master,Terran
48,US,4406,Master,Zerg
48,US,4406,Master,Terran
48,US,4406,Master,Terran
48,US,4405,Master,Zerg
48,US,4405,Master,Terran
48,US,4405,Master,Zerg
48,US,4405,Master,Zerg
48,US,4405,Master,Protoss
48,US,4405,Master,Zerg
48,US,4405,Master,Protoss
48,US,4405,Master,Terran
48,US,4405,Master,Zerg
48,US,4405,Master,Terran
48,US,4403,Master,Protoss
48,US,4403,Master,Zerg
48,US,4403,Master,Zerg
48,US,4403,Master,Zerg
48,US,4403,Master,Protoss
48,US,4403,Master,Zerg
48,US,4403,Master,Protoss
48,US,4403,Master,Protoss
48,US,4403,Master,Protoss
48,US,4403,Master,Zerg
48,US,4403,Master,Zerg
48,US,4403,Master,Protoss
48,US,4403,Master,Zerg
48,US,4403,Master,Zerg
48,US,4403,Master,Protoss
48,US,4403,Master,Protoss
48,US,4403,Master,Protoss
48,US,4402,Master,Terran
48,US,4402,Master,Random
48,US,4402,Master,Zerg
48,US,4402,Master,Zerg
48,US,4402,Master,Terran
48,US,4402,Master,Zerg
48,US,4402,Master,Terran
48,US,4402,Master,Terran
48,US,4402,Master,Protoss
48,US,4402,Master,Zerg
48,US,4402,Master,Protoss
48,US,4402,Master,Terran
48,US,4402,Master,Random
48,US,4402,Master,Protoss
48,US,4402,Master,Zerg
48,US,4402,Master,Protoss
48,US,4402,Master,Zerg
48,US,4402,Master,Terran
48,US,4402,Master,Protoss
48,US,4402,Master,Terran
48,US,4402,Master,Protoss
48,US,4402,Master,Protoss
48,US,4401,Master,Zerg
48,US,4401,Master,Protoss
48,US,4401,Master,Zerg
48,US,4401,Master,Random
48,US,4401,Master,Zerg
48,US,4401,Master,Zerg
48,US,4401,Master,Terran
48,US,4401,Master,Zerg
48,US,4401,Master,Protoss
48,US,4401,Master,Zerg
48,US,4401,Master,Terran
48,US,4401,Master,Zerg
48,US,4401,Master,Protoss
48,US,4401,Master,Zerg
48,US,4401,Master,Protoss
48,US,4400,Master,Protoss
48,US,4400,Master,Protoss
48,US,4400,Master,Zerg
48,US,4400,Master,Zerg
48,US,4400,Master,Protoss
48,US,4400,Master,Protoss
48,US,4400,Master,Zerg
48,US,4400,Master,Protoss
48,US,4400,Master,Zerg
48,US,4400,Master,Zerg
48,US,4400,Master,Terran
48,US,4400,Master,Terran
48,US,4400,Master,Protoss
48,US,4400,Master,Terran
48,US,4399,Master,Terran
48,US,4399,Master,Random
48,US,4399,Master,Random
48,US,4399,Master,Zerg
48,US,4399,Master,Random
48,US,4398,Master,Terran
48,US,4398,Master,Zerg
48,US,4398,Master,Zerg
48,US,4398,Master,Terran
48,US,4398,Master,Terran
48,US,4398,Master,Zerg
48,US,4398,Master,Zerg
48,US,4398,Master,Protoss
48,US,4398,Master,Zerg
48,US,4398,Master,Protoss
48,US,4398,Master,Protoss
48,US,4397,Master,Random
48,US,4397,Master,Terran
48,US,4397,Master,Terran
48,US,4397,Master,Zerg
48,US,4397,Master,Terran
48,US,4397,Master,Terran
48,US,4397,Master,Zerg
48,US,4397,Master,Terran
48,US,4397,Master,Protoss
48,US,4397,Master,Zerg
48,US,4396,Master,Terran
48,US,4396,Master,Protoss
48,US,4396,Master,Protoss
48,US,4396,Master,Protoss
48,US,4396,Master,Protoss
48,US,4396,Master,Random
48,US,4394,Master,Protoss
48,US,4394,Master,Protoss
48,US,4394,Master,Zerg
48,US,4394,Master,Zerg
48,US,4394,Master,Zerg
48,US,4394,Master,Terran
48,US,4394,Master,Terran
48,US,4394,Master,Zerg
48,US,4394,Master,Terran
48,US,4394,Master,Terran
48,US,4394,Master,Protoss
48,US,4394,Master,Zerg
48,US,4394,Master,Protoss
48,US,4393,Master,Protoss
48,US,4393,Master,Random
48,US,4393,Master,Zerg
48,US,4393,Master,Zerg
48,US,4393,Master,Terran
48,US,4393,Master,Zerg
48,US,4393,Master,Protoss
48,US,4393,Master,Protoss
48,US,4393,Master,Terran
48,US,4393,Master,Protoss
48,US,4393,Master,Terran
48,US,4393,Master,Protoss
48,US,4392,Master,Protoss
48,US,4392,Master,Zerg
48,US,4392,Master,Terran
48,US,4392,Master,Zerg
48,US,4391,Master,Zerg
48,US,4391,Master,Protoss
48,US,4391,Master,Terran
48,US,4391,Master,Random
48,US,4391,Master,Protoss
48,US,4391,Master,Terran
48,US,4391,Master,Protoss
48,US,4391,Master,Terran
48,US,4391,Master,Terran
48,US,4391,Master,Protoss
48,US,4390,Master,Terran
48,US,4390,Master,Zerg
48,US,4389,Master,Zerg
48,US,4389,Master,Terran
48,US,4389,Master,Terran
48,US,4389,Master,Terran
48,US,4389,Master,Terran
48,US,4388,Master,Zerg
48,US,4388,Master,Terran
48,US,4388,Master,Terran
48,US,4388,Master,Terran
48,US,4388,Master,Zerg
48,US,4388,Master,Terran
48,US,4388,Master,Zerg
48,US,4388,Master,Protoss
48,US,4388,Master,Protoss
48,US,4387,Master,Random
48,US,4387,Master,Protoss
48,US,4387,Master,Random
48,US,4387,Master,Terran
48,US,4387,Master,Terran
48,US,4387,Master,Protoss
48,US,4387,Master,Terran
48,US,4386,Master,Terran
48,US,4386,Master,Terran
48,US,4386,Master,Terran
48,US,4386,Master,Zerg
48,US,4386,Master,Terran
48,US,4385,Master,Protoss
48,US,4385,Master,Random
48,US,4385,Master,Random
48,US,4385,Master,Protoss
48,US,4385,Master,Zerg
48,US,4385,Master,Zerg
48,US,4385,Master,Terran
48,US,4384,Master,Protoss
48,US,4384,Master,Protoss
48,US,4384,Master,Terran
48,US,4384,Master,Terran
48,US,4384,Master,Zerg
48,US,4384,Master,Terran
48,US,4384,Master,Terran
48,US,4384,Master,Terran
48,US,4384,Master,Protoss
48,US,4383,Master,Protoss
48,US,4383,Master,Terran
48,US,4383,Master,Zerg
48,US,4383,Master,Protoss
48,US,4383,Master,Terran
48,US,4383,Master,Protoss
48,US,4383,Master,Terran
48,US,4383,Master,Terran
48,US,4383,Master,Zerg
48,US,4382,Master,Terran
48,US,4382,Master,Protoss
48,US,4382,Master,Terran
48,US,4382,Master,Zerg
48,US,4381,Master,Terran
48,US,4381,Master,Zerg
48,US,4381,Master,Zerg
48,US,4381,Master,Protoss
48,US,4379,Master,Zerg
48,US,4379,Master,Random
48,US,4379,Master,Protoss
48,US,4379,Master,Random
48,US,4379,Master,Protoss
48,US,4379,Master,Protoss
48,US,4379,Master,Terran
48,US,4378,Master,Terran
48,US,4378,Master,Zerg
48,US,4378,Master,Protoss
48,US,4378,Master,Zerg
48,US,4378,Master,Terran
48,US,4378,Master,Terran
48,US,4378,Master,Zerg
48,US,4378,Master,Terran
48,US,4378,Master,Terran
48,US,4378,Master,Protoss
48,US,4377,Master,Terran
48,US,4377,Master,Random
48,US,4377,Master,Terran
48,US,4377,Master,Zerg
48,US,4377,Master,Terran
48,US,4377,Master,Protoss
48,US,4377,Master,Terran
48,US,4377,Master,Terran
48,US,4376,Master,Zerg
48,US,4376,Master,Terran
48,US,4376,Master,Terran
48,US,4376,Master,Zerg
48,US,4376,Master,Terran
48,US,4376,Master,Zerg
48,US,4376,Master,Zerg
48,US,4376,Master,Protoss
48,US,4376,Master,Protoss
48,US,4376,Master,Protoss
48,US,4375,Master,Terran
48,US,4375,Master,Random
48,US,4375,Master,Zerg
48,US,4375,Master,Protoss
48,US,4375,Master,Terran
48,US,4375,Master,Zerg
48,US,4375,Master,Zerg
48,US,4375,Master,Protoss
48,US,4375,Master,Terran
48,US,4374,Master,Random
48,US,4374,Master,Zerg
48,US,4374,Master,Protoss
48,US,4374,Master,Protoss
48,US,4374,Master,Terran
48,US,4374,Master,Zerg
48,US,4374,Master,Zerg
48,US,4374,Master,Terran
48,US,4373,Master,Random
48,US,4373,Master,Zerg
48,US,4373,Master,Protoss
48,US,4373,Master,Terran
48,US,4373,Master,Protoss
48,US,4373,Master,Zerg
48,US,4372,Master,Zerg
48,US,4372,Master,Zerg
48,US,4372,Master,Terran
48,US,4372,Master,Protoss
48,US,4372,Master,Protoss
48,US,4372,Master,Terran
48,US,4372,Master,Protoss
48,US,4372,Master,Terran
48,US,4371,Master,Zerg
48,US,4371,Master,Protoss
48,US,4371,Master,Terran
48,US,4371,Master,Protoss
48,US,4371,Master,Zerg
48,US,4371,Master,Zerg
48,US,4371,Master,Protoss
48,US,4371,Master,Zerg
48,US,4370,Master,Protoss
48,US,4370,Master,Protoss
48,US,4370,Master,Zerg
48,US,4370,Master,Protoss
48,US,4370,Master,Zerg
48,US,4370,Master,Protoss
48,US,4370,Master,Terran
48,US,4370,Master,Protoss
48,US,4370,Master,Protoss
48,US,4369,Master,Zerg
48,US,4369,Master,Terran
48,US,4369,Master,Random
48,US,4369,Master,Zerg
48,US,4369,Master,Zerg
48,US,4369,Master,Protoss
48,US,4368,Master,Zerg
48,US,4368,Master,Zerg
48,US,4368,Master,Protoss
48,US,4368,Master,Terran
48,US,4368,Master,Protoss
48,US,4368,Master,Random
48,US,4367,Master,Terran
48,US,4367,Master,Zerg
48,US,4367,Master,Terran
48,US,4367,Master,Terran
48,US,4367,Master,Protoss
48,US,4365,Master,Protoss
48,US,4365,Master,Zerg
48,US,4365,Master,Terran
48,US,4365,Master,Protoss
48,US,4365,Master,Terran
48,US,4365,Master,Terran
48,US,4365,Master,Terran
48,US,4365,Master,Protoss
48,US,4364,Master,Terran
48,US,4364,Master,Terran
48,US,4364,Master,Terran
48,US,4364,Master,Terran
48,US,4364,Master,Zerg
48,US,4364,Master,Terran
48,US,4364,Master,Zerg
48,US,4364,Master,Zerg
48,US,4363,Master,Protoss
48,US,4363,Master,Zerg
48,US,4363,Master,Terran
48,US,4363,Master,Protoss
48,US,4363,Master,Protoss
48,US,4363,Master,Protoss
48,US,4363,Master,Protoss
48,US,4362,Master,Random
48,US,4362,Master,Terran
48,US,4362,Master,Terran
48,US,4362,Master,Terran
48,US,4362,Master,Random
48,US,4362,Master,Protoss
48,US,4362,Master,Random
48,US,4362,Master,Zerg
48,US,4362,Master,Random
48,US,4362,Master,Protoss
48,US,4362,Master,Zerg
48,US,4362,Master,Protoss
48,US,4361,Master,Terran
48,US,4361,Master,Terran
48,US,4361,Master,Terran
48,US,4361,Master,Protoss
48,US,4361,Master,Zerg
48,US,4361,Master,Protoss
48,US,4361,Master,Protoss
48,US,4361,Master,Protoss
48,US,4361,Master,Zerg
48,US,4360,Master,Zerg
48,US,4360,Master,Random
48,US,4360,Master,Terran
48,US,4360,Master,Protoss
48,US,4360,Master,Zerg
48,US,4360,Master,Zerg
48,US,4360,Master,Zerg
48,US,4360,Master,Protoss
48,US,4360,Master,Terran
48,US,4360,Master,Terran
48,US,4359,Master,Zerg
48,US,4359,Master,Zerg
48,US,4359,Master,Protoss
48,US,4359,Master,Protoss
48,US,4359,Master,Terran
48,US,4359,Master,Zerg
48,US,4359,Master,Protoss
48,US,4359,Master,Random
48,US,4359,Master,Terran
48,US,4358,Master,Protoss
48,US,4358,Master,Protoss
48,US,4358,Master,Terran
48,US,4358,Master,Zerg
48,US,4358,Master,Terran
48,US,4358,Master,Terran
48,US,4358,Master,Terran
48,US,4358,Master,Terran
48,US,4357,Master,Protoss
48,US,4357,Master,Protoss
48,US,4357,Master,Protoss
48,US,4357,Master,Protoss
48,US,4357,Master,Protoss
48,US,4357,Master,Zerg
48,US,4357,Master,Zerg
48,US,4356,Master,Terran
48,US,4356,Master,Protoss
48,US,4356,Master,Protoss
48,US,4356,Master,Terran
48,US,4356,Master,Zerg
48,US,4356,Master,Terran
48,US,4356,Master,Protoss
48,US,4355,Master,Zerg
48,US,4355,Master,Terran
48,US,4355,Master,Zerg
48,US,4355,Master,Zerg
48,US,4355,Master,Protoss
48,US,4355,Master,Protoss
48,US,4355,Master,Random
48,US,4355,Master,Protoss
48,US,4355,Master,Zerg
48,US,4355,Master,Protoss
48,US,4354,Master,Terran
48,US,4354,Master,Terran
48,US,4354,Master,Zerg
48,US,4354,Master,Terran
48,US,4354,Master,Zerg
48,US,4352,Master,Terran
48,US,4352,Master,Zerg
48,US,4352,Master,Protoss
48,US,4352,Master,Terran
48,US,4352,Master,Protoss
48,US,4352,Master,Zerg
48,US,4352,Master,Terran
48,US,4351,Master,Protoss
48,US,4351,Master,Random
48,US,4351,Master,Terran
48,US,4351,Master,Random
48,US,4351,Master,Protoss
48,US,4350,Master,Terran
48,US,4350,Master,Protoss
48,US,4350,Master,Zerg
48,US,4350,Master,Terran
48,US,4350,Master,Protoss
48,US,4350,Master,Terran
48,US,4350,Master,Terran
48,US,4350,Master,Terran
48,US,4349,Master,Terran
48,US,4349,Master,Terran
48,US,4349,Master,Protoss
48,US,4349,Master,Random
48,US,4349,Master,Terran
48,US,4349,Master,Terran
48,US,4349,Master,Terran
48,US,4349,Master,Terran
48,US,4349,Master,Zerg
48,US,4349,Master,Terran
48,US,4349,Master,Terran
48,US,4349,Master,Zerg
48,US,4348,Master,Terran
48,US,4348,Master,Protoss
48,US,4348,Master,Protoss
48,US,4348,Master,Zerg
48,US,4348,Master,Protoss
48,US,4348,Master,Terran
48,US,4348,Master,Protoss
48,US,4348,Master,Protoss
48,US,4348,Master,Zerg
48,US,4348,Master,Zerg
48,US,4348,Master,Zerg
48,US,4347,Master,Protoss
48,US,4347,Master,Protoss
48,US,4347,Master,Terran
48,US,4347,Master,Protoss
48,US,4347,Master,Protoss
48,US,4347,Master,Terran
48,US,4347,Master,Terran
48,US,4347,Master,Zerg
48,US,4347,Master,Terran
48,US,4347,Master,Terran
48,US,4347,Master,Protoss
48,US,4346,Master,Terran
48,US,4346,Master,Zerg
48,US,4346,Master,Zerg
48,US,4346,Master,Protoss
48,US,4346,Master,Zerg
48,US,4346,Master,Protoss
48,US,4346,Master,Terran
48,US,4346,Master,Zerg
48,US,4345,Master,Zerg
48,US,4345,Master,Zerg
48,US,4345,Master,Zerg
48,US,4345,Master,Protoss
48,US,4345,Master,Terran
48,US,4345,Master,Random
48,US,4345,Master,Terran
48,US,4344,Master,Random
48,US,4344,Master,Terran
48,US,4344,Master,Zerg
48,US,4344,Master,Terran
48,US,4344,Master,Terran
48,US,4344,Master,Protoss
48,US,4344,Master,Random
48,US,4344,Master,Zerg
48,US,4344,Master,Terran
48,US,4344,Master,Protoss
48,US,4344,Master,Terran
48,US,4344,Master,Random
48,US,4343,Master,Zerg
48,US,4343,Master,Zerg
48,US,4343,Master,Random
48,US,4343,Master,Protoss
48,US,4343,Master,Zerg
48,US,4343,Master,Zerg
48,US,4343,Master,Random
48,US,4343,Master,Protoss
48,US,4343,Master,Protoss
48,US,4343,Master,Zerg
48,US,4342,Master,Terran
48,US,4342,Master,Protoss
48,US,4342,Master,Protoss
48,US,4342,Master,Zerg
48,US,4342,Master,Protoss
48,US,4342,Master,Zerg
48,US,4342,Master,Protoss
48,US,4342,Master,Zerg
48,US,4342,Master,Terran
48,US,4340,Master,Protoss
48,US,4340,Master,Zerg
48,US,4340,Master,Zerg
48,US,4340,Master,Terran
48,US,4340,Master,Zerg
48,US,4340,Master,Terran
48,US,4339,Master,Random
48,US,4339,Master,Protoss
48,US,4339,Master,Protoss
48,US,4339,Master,Terran
48,US,4339,Master,Zerg
48,US,4339,Master,Terran
48,US,4339,Master,Zerg
48,US,4338,Master,Terran
48,US,4338,Master,Zerg
48,US,4338,Master,Zerg
48,US,4338,Master,Terran
48,US,4338,Master,Zerg
48,US,4338,Master,Random
48,US,4338,Master,Protoss
48,US,4338,Master,Terran
48,US,4337,Master,Zerg
48,US,4337,Master,Protoss
48,US,4337,Master,Terran
48,US,4337,Master,Zerg
48,US,4337,Master,Terran
48,US,4337,Master,Zerg
48,US,4337,Master,Protoss
48,US,4337,Master,Zerg
48,US,4337,Master,Terran
48,US,4337,Master,Terran
48,US,4336,Master,Terran
48,US,4336,Master,Terran
48,US,4336,Master,Zerg
48,US,4336,Master,Protoss
48,US,4336,Master,Terran
48,US,4336,Master,Zerg
48,US,4336,Master,Terran
48,US,4336,Master,Terran
48,US,4336,Master,Protoss
48,US,4336,Master,Zerg
48,US,4335,Master,Zerg
48,US,4335,Master,Zerg
48,US,4335,Master,Terran
48,US,4335,Master,Zerg
48,US,4335,Master,Terran
48,US,4335,Master,Protoss
48,US,4335,Master,Protoss
48,US,4335,Master,Terran
48,US,4335,Master,Terran
48,US,4335,Master,Zerg
48,US,4335,Master,Terran
48,US,4335,Master,Terran
48,US,4335,Master,Zerg
48,US,4334,Master,Terran
48,US,4334,Master,Protoss
48,US,4334,Master,Terran
48,US,4334,Master,Terran
48,US,4334,Master,Zerg
48,US,4334,Master,Zerg
48,US,4334,Master,Terran
48,US,4334,Master,Zerg
48,US,4334,Master,Terran
48,US,4334,Master,Terran
48,US,4334,Master,Terran
48,US,4334,Master,Terran
48,US,4333,Master,Zerg
48,US,4333,Master,Protoss
48,US,4333,Master,Terran
48,US,4333,Master,Protoss
48,US,4333,Master,Terran
48,US,4333,Master,Terran
48,US,4333,Master,Protoss
48,US,4332,Master,Terran
48,US,4332,Master,Zerg
48,US,4332,Master,Zerg
48,US,4332,Master,Protoss
48,US,4332,Master,Terran
48,US,4332,Master,Zerg
48,US,4332,Master,Protoss
48,US,4332,Master,Protoss
48,US,4332,Master,Zerg
48,US,4332,Master,Random
48,US,4332,Master,Zerg
48,US,4332,Master,Protoss
48,US,4331,Master,Protoss
48,US,4331,Master,Terran
48,US,4331,Master,Protoss
48,US,4331,Master,Protoss
48,US,4331,Master,Protoss
48,US,4331,Master,Protoss
48,US,4331,Master,Terran
48,US,4331,Master,Protoss
48,US,4331,Master,Zerg
48,US,4331,Master,Terran
48,US,4331,Master,Random
48,US,4330,Master,Zerg
48,US,4330,Master,Zerg
48,US,4330,Master,Protoss
48,US,4330,Master,Protoss
48,US,4328,Master,Terran
48,US,4328,Master,Terran
48,US,4328,Master,Protoss
48,US,4328,Master,Zerg
48,US,4328,Master,Protoss
48,US,4328,Master,Terran
48,US,4328,Master,Terran
48,US,4328,Master,Terran
48,US,4328,Master,Protoss
48,US,4328,Master,Zerg
48,US,4327,Master,Terran
48,US,4327,Master,Zerg
48,US,4327,Master,Terran
48,US,4327,Master,Protoss
48,US,4327,Master,Terran
48,US,4327,Master,Zerg
48,US,4327,Master,Zerg
48,US,4327,Master,Terran
48,US,4326,Master,Random
48,US,4326,Master,Zerg
48,US,4326,Master,Terran
48,US,4326,Master,Terran
48,US,4325,Master,Random
48,US,4325,Master,Terran
48,US,4325,Master,Zerg
48,US,4325,Master,Terran
48,US,4325,Master,Zerg
48,US,4325,Master,Protoss
48,US,4325,Master,Zerg
48,US,4325,Master,Protoss
48,US,4324,Master,Protoss
48,US,4324,Master,Protoss
48,US,4324,Master,Zerg
48,US,4324,Master,Terran
48,US,4324,Master,Protoss
48,US,4324,Master,Zerg
48,US,4323,Master,Random
48,US,4323,Master,Terran
48,US,4323,Master,Zerg
48,US,4323,Master,Zerg
48,US,4323,Master,Random
48,US,4323,Master,Protoss
48,US,4323,Master,Zerg
48,US,4323,Master,Protoss
48,US,4323,Master,Terran
48,US,4323,Master,Terran
48,US,4322,Master,Random
48,US,4322,Master,Zerg
48,US,4322,Master,Protoss
48,US,4322,Master,Terran
48,US,4322,Master,Protoss
48,US,4322,Master,Protoss
48,US,4322,Master,Zerg
48,US,4322,Master,Protoss
48,US,4322,Master,Random
48,US,4322,Master,Protoss
48,US,4322,Master,Terran
48,US,4322,Master,Random
48,US,4322,Master,Zerg
48,US,4322,Master,Terran
48,US,4321,Master,Terran
48,US,4321,Master,Terran
48,US,4321,Master,Terran
48,US,4321,Master,Terran
48,US,4321,Master,Protoss
48,US,4321,Master,Zerg
48,US,4321,Master,Random
48,US,4321,Master,Protoss
48,US,4321,Master,Zerg
48,US,4321,Master,Zerg
48,US,4321,Master,Terran
48,US,4321,Master,Random
48,US,4321,Master,Zerg
48,US,4320,Master,Zerg
48,US,4320,Master,Zerg
48,US,4320,Master,Terran
48,US,4320,Master,Terran
48,US,4320,Master,Random
48,US,4320,Master,Terran
48,US,4320,Master,Random
48,US,4320,Master,Random
48,US,4320,Master,Protoss
48,US,4320,Master,Protoss
48,US,4319,Master,Zerg
48,US,4319,Master,Terran
48,US,4319,Master,Terran
48,US,4318,Master,Terran
48,US,4318,Master,Terran
48,US,4318,Master,Random
48,US,4318,Master,Protoss
48,US,4318,Master,Terran
48,US,4317,Master,Protoss
48,US,4317,Master,Protoss
48,US,4317,Master,Protoss
48,US,4317,Master,Zerg
48,US,4316,Master,Protoss
48,US,4316,Master,Terran
48,US,4316,Master,Protoss
48,US,4316,Master,Terran
48,US,4316,Master,Protoss
48,US,4314,Master,Protoss
48,US,4314,Master,Terran
48,US,4314,Master,Protoss
48,US,4314,Master,Protoss
48,US,4314,Master,Protoss
48,US,4314,Master,Zerg
48,US,4314,Master,Terran
48,US,4314,Master,Protoss
48,US,4314,Master,Protoss
48,US,4314,Master,Protoss
48,US,4313,Master,Zerg
48,US,4313,Master,Protoss
48,US,4313,Master,Terran
48,US,4313,Master,Terran
48,US,4313,Master,Terran
48,US,4313,Master,Protoss
48,US,4312,Master,Terran
48,US,4312,Master,Protoss
48,US,4312,Master,Terran
48,US,4312,Master,Protoss
48,US,4312,Master,Random
48,US,4312,Master,Protoss
48,US,4311,Master,Terran
48,US,4311,Master,Terran
48,US,4311,Master,Random
48,US,4311,Master,Terran
48,US,4311,Master,Terran
48,US,4311,Master,Zerg
48,US,4311,Master,Protoss
48,US,4311,Master,Protoss
48,US,4311,Master,Protoss
48,US,4311,Master,Protoss
48,US,4311,Master,Terran
48,US,4311,Master,Zerg
48,US,4310,Master,Zerg
48,US,4310,Master,Terran
48,US,4310,Master,Zerg
48,US,4310,Master,Terran
48,US,4310,Master,Zerg
48,US,4310,Master,Terran
48,US,4310,Master,Protoss
48,US,4310,Master,Terran
48,US,4310,Master,Terran
48,US,4310,Master,Terran
48,US,4310,Master,Protoss
48,US,4310,Master,Terran
48,US,4310,Master,Protoss
48,US,4309,Master,Terran
48,US,4309,Master,Random
48,US,4309,Master,Zerg
48,US,4309,Master,Protoss
48,US,4309,Master,Protoss
48,US,4309,Master,Protoss
48,US,4309,Master,Protoss
48,US,4309,Master,Terran
48,US,4309,Master,Protoss
48,US,4309,Master,Zerg
48,US,4309,Master,Protoss
48,US,4308,Master,Protoss
48,US,4308,Master,Terran
48,US,4308,Master,Zerg
48,US,4308,Master,Terran
48,US,4308,Master,Zerg
48,US,4308,Master,Zerg
48,US,4308,Master,Protoss
48,US,4308,Master,Terran
48,US,4307,Master,Zerg
48,US,4307,Master,Protoss
48,US,4307,Master,Terran
48,US,4307,Master,Zerg
48,US,4307,Master,Protoss
48,US,4307,Master,Zerg
48,US,4307,Master,Terran
48,US,4307,Master,Terran
48,US,4307,Master,Zerg
48,US,4307,Master,Terran
48,US,4307,Master,Terran
48,US,4307,Master,Protoss
48,US,4307,Master,Zerg
48,US,4307,Master,Terran
48,US,4307,Master,Protoss
48,US,4306,Master,Terran
48,US,4306,Master,Random
48,US,4306,Master,Protoss
48,US,4306,Master,Terran
48,US,4306,Master,Terran
48,US,4306,Master,Random
48,US,4306,Master,Zerg
48,US,4306,Master,Protoss
48,US,4306,Master,Protoss
48,US,4306,Master,Protoss
48,US,4306,Master,Protoss
48,US,4305,Master,Terran
48,US,4305,Master,Protoss
48,US,4305,Master,Terran
48,US,4304,Master,Protoss
48,US,4304,Master,Zerg
48,US,4304,Master,Protoss
48,US,4304,Master,Protoss
48,US,4304,Master,Protoss
48,US,4302,Master,Protoss
48,US,4302,Master,Protoss
48,US,4302,Master,Terran
48,US,4302,Master,Terran
48,US,4302,Master,Protoss
48,US,4301,Master,Zerg
48,US,4301,Master,Terran
48,US,4301,Master,Terran
48,US,4301,Master,Terran
48,US,4301,Master,Terran
48,US,4301,Master,Protoss
48,US,4301,Master,Terran
48,US,4301,Master,Zerg
48,US,4301,Master,Terran
48,US,4301,Master,Zerg
48,US,4300,Master,Terran
48,US,4300,Master,Protoss
48,US,4300,Master,Terran
48,US,4300,Master,Protoss
48,US,4300,Master,Random
48,US,4300,Master,Terran
48,US,4300,Master,Protoss
48,US,4300,Master,Zerg
48,US,4300,Master,Protoss
48,US,4300,Master,Protoss
48,US,4300,Master,Zerg
48,US,4300,Master,Zerg
48,US,4299,Master,Terran
48,US,4299,Master,Zerg
48,US,4299,Master,Random
48,US,4299,Master,Terran
48,US,4299,Master,Protoss
48,US,4299,Master,Protoss
48,US,4299,Master,Protoss
48,US,4299,Master,Protoss
48,US,4299,Master,Terran
48,US,4299,Master,Terran
48,US,4298,Master,Zerg
48,US,4298,Master,Terran
48,US,4298,Master,Terran
48,US,4298,Master,Zerg
48,US,4298,Master,Protoss
48,US,4298,Master,Zerg
48,US,4298,Master,Zerg
48,US,4297,Master,Protoss
48,US,4297,Master,Protoss
48,US,4297,Master,Protoss
48,US,4297,Master,Zerg
48,US,4297,Master,Terran
48,US,4297,Master,Protoss
48,US,4297,Master,Terran
48,US,4296,Master,Zerg
48,US,4296,Master,Terran
48,US,4296,Master,Zerg
48,US,4296,Master,Terran
48,US,4296,Master,Zerg
48,US,4296,Master,Protoss
48,US,4296,Master,Terran
48,US,4296,Master,Terran
48,US,4296,Master,Zerg
48,US,4296,Master,Protoss
48,US,4296,Master,Zerg
48,US,4295,Master,Protoss
48,US,4295,Master,Protoss
48,US,4295,Master,Protoss
48,US,4295,Master,Protoss
48,US,4295,Master,Zerg
48,US,4295,Master,Zerg
48,US,4295,Master,Protoss
48,US,4295,Master,Protoss
48,US,4294,Master,Zerg
48,US,4294,Master,Terran
48,US,4294,Master,Protoss
48,US,4294,Master,Terran
48,US,4293,Master,Random
48,US,4293,Master,Terran
48,US,4293,Master,Terran
48,US,4293,Master,Zerg
48,US,4293,Master,Protoss
48,US,4293,Master,Protoss
48,US,4293,Master,Terran
48,US,4293,Master,Terran
48,US,4293,Master,Terran
48,US,4293,Master,Zerg
48,US,4292,Master,Zerg
48,US,4292,Master,Zerg
48,US,4292,Master,Protoss
48,US,4292,Master,Zerg
48,US,4292,Master,Zerg
48,US,4292,Master,Zerg
48,US,4292,Master,Zerg
48,US,4292,Master,Terran
48,US,4292,Master,Protoss
48,US,4291,Master,Terran
48,US,4291,Master,Protoss
48,US,4291,Master,Terran
48,US,4291,Master,Terran
48,US,4291,Master,Protoss
48,US,4291,Master,Zerg
48,US,4291,Master,Random
48,US,4289,Master,Terran
48,US,4289,Master,Terran
48,US,4289,Master,Protoss
48,US,4289,Master,Zerg
48,US,4289,Master,Protoss
48,US,4289,Master,Zerg
48,US,4289,Master,Terran
48,US,4289,Master,Protoss
48,US,4289,Master,Terran
48,US,4289,Master,Protoss
48,US,4288,Master,Random
48,US,4288,Master,Random
48,US,4288,Master,Protoss
48,US,4288,Master,Protoss
48,US,4288,Master,Protoss
48,US,4288,Master,Zerg
48,US,4288,Master,Zerg
48,US,4288,Master,Terran
48,US,4288,Master,Protoss
48,US,4288,Master,Zerg
48,US,4288,Master,Zerg
48,US,4287,Master,Protoss
48,US,4287,Master,Terran
48,US,4287,Master,Protoss
48,US,4287,Master,Zerg
48,US,4287,Master,Zerg
48,US,4287,Master,Zerg
48,US,4287,Master,Terran
48,US,4287,Master,Protoss
48,US,4287,Master,Protoss
48,US,4286,Master,Protoss
48,US,4286,Master,Protoss
48,US,4286,Master,Protoss
48,US,4286,Master,Protoss
48,US,4286,Master,Terran
48,US,4286,Master,Random
48,US,4286,Master,Protoss
48,US,4286,Master,Zerg
48,US,4286,Master,Terran
48,US,4286,Master,Protoss
48,US,4286,Master,Zerg
48,US,4286,Master,Terran
48,US,4285,Master,Terran
48,US,4285,Master,Terran
48,US,4285,Master,Random
48,US,4285,Master,Terran
48,US,4285,Master,Zerg
48,US,4285,Master,Protoss
48,US,4285,Master,Protoss
48,US,4285,Master,Terran
48,US,4285,Master,Zerg
48,US,4285,Master,Terran
48,US,4285,Master,Protoss
48,US,4285,Master,Random
48,US,4284,Master,Zerg
48,US,4284,Master,Terran
48,US,4284,Master,Zerg
48,US,4284,Master,Terran
48,US,4284,Master,Zerg
48,US,4284,Master,Terran
48,US,4284,Master,Protoss
48,US,4284,Master,Protoss
48,US,4283,Master,Terran
48,US,4283,Master,Protoss
48,US,4283,Master,Random
48,US,4283,Master,Protoss
48,US,4283,Master,Protoss
48,US,4283,Master,Zerg
48,US,4283,Master,Protoss
48,US,4283,Master,Random
48,US,4283,Master,Random
48,US,4283,Master,Terran
48,US,4282,Master,Zerg
48,US,4282,Master,Terran
48,US,4282,Master,Terran
48,US,4282,Master,Protoss
48,US,4282,Master,Terran
48,US,4282,Master,Random
48,US,4281,Master,Protoss
48,US,4281,Master,Terran
48,US,4281,Master,Terran
48,US,4281,Master,Protoss
48,US,4281,Master,Protoss
48,US,4281,Master,Random
48,US,4281,Master,Protoss
48,US,4280,Master,Terran
48,US,4280,Master,Zerg
48,US,4280,Master,Random
48,US,4280,Master,Zerg
48,US,4280,Master,Protoss
48,US,4280,Master,Protoss
48,US,4280,Master,Protoss
48,US,4279,Master,Terran
48,US,4279,Master,Zerg
48,US,4279,Master,Protoss
48,US,4279,Master,Zerg
48,US,4279,Master,Protoss
48,US,4279,Master,Random
48,US,4279,Master,Zerg
48,US,4279,Master,Protoss
48,US,4277,Master,Terran
48,US,4277,Master,Protoss
48,US,4277,Master,Terran
48,US,4277,Master,Zerg
48,US,4277,Master,Terran
48,US,4277,Master,Protoss
48,US,4277,Master,Random
48,US,4277,Master,Protoss
48,US,4277,Master,Terran
48,US,4277,Master,Zerg
48,US,4277,Master,Protoss
48,US,4277,Master,Protoss
48,US,4277,Master,Terran
48,US,4277,Master,Protoss
48,US,4276,Master,Protoss
48,US,4276,Master,Terran
48,US,4276,Master,Protoss
48,US,4276,Master,Terran
48,US,4276,Master,Protoss
48,US,4276,Master,Protoss
48,US,4276,Master,Terran
48,US,4276,Master,Protoss
48,US,4276,Master,Protoss
48,US,4276,Master,Terran
48,US,4276,Master,Terran
48,US,4275,Master,Zerg
48,US,4275,Master,Terran
48,US,4274,Master,Protoss
48,US,4274,Master,Protoss
48,US,4274,Master,Protoss
48,US,4274,Master,Protoss
48,US,4274,Master,Protoss
48,US,4274,Master,Terran
48,US,4274,Master,Protoss
48,US,4274,Master,Terran
48,US,4273,Master,Terran
48,US,4273,Master,Random
48,US,4273,Master,Zerg
48,US,4273,Master,Protoss
48,US,4273,Master,Zerg
48,US,4273,Master,Terran
48,US,4273,Master,Zerg
48,US,4273,Master,Protoss
48,US,4273,Master,Zerg
48,US,4273,Master,Zerg
48,US,4273,Master,Protoss
48,US,4272,Master,Zerg
48,US,4272,Master,Random
48,US,4272,Master,Zerg
48,US,4272,Master,Zerg
48,US,4272,Master,Protoss
48,US,4272,Master,Terran
48,US,4272,Master,Terran
48,US,4271,Master,Protoss
48,US,4271,Master,Terran
48,US,4271,Master,Terran
48,US,4271,Master,Zerg
48,US,4271,Master,Terran
48,US,4271,Master,Protoss
48,US,4271,Master,Zerg
48,US,4271,Master,Protoss
48,US,4271,Master,Zerg
48,US,4271,Master,Terran
48,US,4271,Master,Terran
48,US,4271,Master,Zerg
48,US,4270,Master,Random
48,US,4270,Master,Terran
48,US,4270,Master,Terran
48,US,4270,Master,Terran
48,US,4270,Master,Terran
48,US,4270,Master,Random
48,US,4270,Master,Terran
48,US,4270,Master,Terran
48,US,4270,Master,Zerg
48,US,4270,Master,Zerg
48,US,4269,Master,Terran
48,US,4269,Master,Zerg
48,US,4269,Master,Zerg
48,US,4269,Master,Zerg
48,US,4269,Master,Random
48,US,4269,Master,Random
48,US,4269,Master,Protoss
48,US,4269,Master,Zerg
48,US,4269,Master,Terran
48,US,4269,Master,Protoss
48,US,4268,Master,Protoss
48,US,4268,Master,Protoss
48,US,4268,Master,Zerg
48,US,4268,Master,Protoss
48,US,4268,Master,Protoss
48,US,4268,Master,Terran
48,US,4268,Master,Protoss
48,US,4268,Master,Protoss
48,US,4267,Master,Protoss
48,US,4267,Master,Terran
48,US,4267,Master,Protoss
48,US,4267,Master,Protoss
48,US,4267,Master,Protoss
48,US,4267,Master,Protoss
48,US,4266,Master,Protoss
48,US,4264,Master,Terran
48,US,4264,Master,Terran
48,US,4264,Master,Zerg
48,US,4264,Master,Terran
48,US,4264,Master,Terran
48,US,4264,Master,Zerg
48,US,4264,Master,Zerg
48,US,4264,Master,Terran
48,US,4264,Master,Protoss
48,US,4264,Master,Zerg
48,US,4264,Master,Random
48,US,4264,Master,Protoss
48,US,4264,Master,Terran
48,US,4264,Master,Terran
48,US,4264,Master,Protoss
48,US,4264,Master,Terran
48,US,4264,Master,Random
48,US,4264,Master,Zerg
48,US,4264,Master,Zerg
48,US,4263,Master,Zerg
48,US,4263,Master,Terran
48,US,4263,Master,Zerg
48,US,4263,Master,Zerg
48,US,4263,Master,Zerg
48,US,4263,Master,Protoss
48,US,4263,Master,Random
48,US,4263,Master,Protoss
48,US,4263,Master,Protoss
48,US,4263,Master,Protoss
48,US,4262,Master,Terran
48,US,4262,Master,Zerg
48,US,4262,Master,Protoss
48,US,4262,Master,Zerg
48,US,4262,Master,Random
48,US,4262,Master,Terran
48,US,4262,Master,Zerg
48,US,4262,Master,Zerg
48,US,4262,Master,Zerg
48,US,4261,Master,Zerg
48,US,4261,Master,Protoss
48,US,4261,Master,Protoss
48,US,4261,Master,Protoss
48,US,4261,Master,Zerg
48,US,4261,Master,Protoss
48,US,4261,Master,Zerg
48,US,4261,Master,Terran
48,US,4261,Master,Terran
48,US,4261,Master,Terran
48,US,4260,Master,Terran
48,US,4260,Master,Protoss
48,US,4260,Master,Terran
48,US,4260,Master,Protoss
48,US,4260,Master,Terran
48,US,4260,Master,Zerg
48,US,4260,Master,Random
48,US,4260,Master,Terran
48,US,4260,Master,Protoss
48,US,4260,Master,Terran
48,US,4259,Master,Zerg
48,US,4259,Master,Zerg
48,US,4259,Master,Terran
48,US,4259,Master,Terran
48,US,4259,Master,Random
48,US,4259,Master,Zerg
48,US,4259,Master,Zerg
48,US,4258,Master,Protoss
48,US,4258,Master,Protoss
48,US,4258,Master,Zerg
48,US,4258,Master,Protoss
48,US,4258,Master,Terran
48,US,4257,Master,Terran
48,US,4257,Master,Terran
48,US,4257,Master,Protoss
48,US,4257,Master,Terran
48,US,4257,Master,Zerg
48,US,4257,Master,Random
48,US,4257,Master,Zerg
48,US,4257,Master,Random
48,US,4257,Master,Zerg
48,US,4256,Master,Protoss
48,US,4255,Master,Protoss
48,US,4255,Master,Terran
48,US,4255,Master,Terran
48,US,4255,Master,Terran
48,US,4255,Master,Protoss
48,US,4255,Master,Terran
48,US,4255,Master,Random
48,US,4255,Master,Zerg
48,US,4255,Master,Zerg
48,US,4255,Master,Terran
48,US,4255,Master,Terran
48,US,4255,Master,Zerg
48,US,4255,Master,Terran
48,US,4255,Master,Protoss
48,US,4255,Master,Protoss
48,US,4254,Master,Zerg
48,US,4254,Master,Terran
48,US,4254,Master,Terran
48,US,4254,Master,Protoss
48,US,4254,Master,Random
48,US,4252,Master,Zerg
48,US,4252,Master,Terran
48,US,4252,Master,Terran
48,US,4252,Master,Zerg
48,US,4251,Master,Protoss
48,US,4251,Master,Zerg
48,US,4251,Master,Zerg
48,US,4251,Master,Protoss
48,US,4251,Master,Zerg
48,US,4251,Master,Terran
48,US,4251,Master,Zerg
48,US,4251,Master,Zerg
48,US,4251,Master,Terran
48,US,4251,Master,Zerg
48,US,4251,Master,Zerg
48,US,4251,Master,Terran
48,US,4250,Master,Terran
48,US,4250,Master,Zerg
48,US,4250,Master,Protoss
48,US,4250,Master,Protoss
48,US,4250,Master,Terran
48,US,4250,Master,Protoss
48,US,4250,Master,Protoss
48,US,4250,Master,Protoss
48,US,4250,Master,Terran
48,US,4250,Master,Terran
48,US,4250,Master,Zerg
48,US,4250,Master,Zerg
48,US,4250,Master,Terran
48,US,4250,Master,Terran
